successful connection to socket.io
User connected: u6zI5MohTdkJkRgMAAAB
User connected: user.one@ (21)
User disconnected: user.one@ (21)
[Socket.IO] Disconnected: transport close
successful connection to socket.io
User connected: u43iY9QHcebn-lqpAAAD
User connected: user.one@ (21)
User disconnected: user.one@ (21)
[Socket.IO] Disconnected: transport close
successful connection to socket.io
User connected: baoJTAfulCXRQOClAAAF
User connected: user.one@ (21)
User disconnected: user.one@ (21)
[Socket.IO] Disconnected: ping timeout
successful connection to socket.io
User connected: fA_ZmgU6jHTrWj8WAAAH
User connected: user.one@ (21)
User disconnected: user.one@ (21)
[Socket.IO] Disconnected: ping timeout
successful connection to socket.io
User connected: vy2CPUd5xQQEA8KvAAAJ
User connected: user.one@ (21)
User disconnected: user.one@ (21)
[Socket.IO] Disconnected: ping timeout
successful connection to socket.io
User connected: f1frmtuS1Y63F85wAAAL
User connected: user.one@ (21)
User disconnected: user.one@ (21)
[Socket.IO] Disconnected: ping timeout
successful connection to socket.io
User connected: 5u3hGbBzqM05D4t7AAAN
User connected: user.one@ (21)
User disconnected: user.one@ (21)
[Socket.IO] Disconnected: transport close
successful connection to socket.io
User connected: hvHdaRstadOqFrXdAAAP
User connected: user.one@ (21)
User disconnected: user.one@ (21)
[Socket.IO] Disconnected: ping timeout
successful connection to socket.io
User connected: tROwFtzub57Epg3OAAAR
User connected: user.one@ (21)
User disconnected: user.one@ (21)
[Socket.IO] Disconnected: transport close
successful connection to socket.io
User connected: BKPbStjPut5goYSnAAAT
User connected: user.one@ (21)
User disconnected: user.one@ (21)
[Socket.IO] Disconnected: ping timeout
successful connection to socket.io
User connected: ZXsSTeBfZg8Mf3ydAAAV
User connected: user.one@ (21)
User disconnected: user.one@ (21)
[Socket.IO] Disconnected: transport close
successful connection to socket.io
User connected: N2j1MhE5tjjwLgEOAAAX
User connected: user.one@ (21)
User disconnected: user.one@ (21)
[Socket.IO] Disconnected: transport close
successful connection to socket.io
User connected: 2f-RrAL89zyl3jYTAAAZ
User connected: user.one@ (21)
User disconnected: user.one@ (21)
[Socket.IO] Disconnected: transport close
successful connection to socket.io
User connected: aq42_HGzVGyVqUKNAAAb
User connected: user.one@ (21)
User disconnected: user.one@ (21)
[Socket.IO] Disconnected: transport close
successful connection to socket.io
User connected: ii4ZAeU5ePMk9Ad0AAAd
User connected: user.one@ (21)
User disconnected: user.one@ (21)
[Socket.IO] Disconnected: transport close
successful connection to socket.io
User connected: 3ob4ND6eyxTACH1JAAAf
User connected: user.one@ (21)
User disconnected: user.one@ (21)
[Socket.IO] Disconnected: transport close
successful connection to socket.io
User connected: hHIcy4oS1kceC_tzAAAh
User connected: user.one@ (21)
successful connection to socket.io
User connected: cehFjTLd7q6yFkSmAAAj
User user.one@ (21) already connected.
successful connection to socket.io
User connected: hYPYjSK_oz2W538PAAAl
User user.one@ (21) already connected.
HtmlSection menu3-36l inserted successfully.
HtmlSection header-Understanding-Search-Engine-Optimization-SEO-in-Digital-Marketing inserted successfully.
HtmlSection breadcrumb1 inserted successfully.
HtmlSection Table-of-Contents inserted successfully.
HtmlSection Introduction inserted successfully.
HtmlSection Introduction-to-SEO-and-Digital-Marketing inserted successfully.
HtmlSection On-Page-SEO-Techniques inserted successfully.
HtmlSection Off-Page-SEO-Strategies inserted successfully.
HtmlSection Technical-SEO-Fundamentals inserted successfully.
HtmlSection Advanced-SEO-Strategies inserted successfully.
HtmlSection SEO-Analytics-and-Performance-Measurement inserted successfully.
HtmlSection SEO-Trends-and-Future-Considerations inserted successfully.
HtmlSection Conclusion inserted successfully.
HtmlSection footer4-2tj inserted successfully.
successful connection to socket.io
User connected: Lyec20cdHhpfwWGVAAAn
User user.one@ (21) already connected.
User disconnected: user.one@ (21)
[Socket.IO] Disconnected: transport close
successful connection to socket.io
User connected: 1bCW-U2pnD5iZ4F5AAAB
User connected: user.one@ (21)
User disconnected: user.one@ (21)
[Socket.IO] Disconnected: transport close
successful connection to socket.io
User connected: ro5QRjIr5aGxqRRyAAAD
User connected: user.one@ (21)
successful connection to socket.io
User connected: lS7zfpyTdhYobnOUAAAF
User user.one@ (21) already connected.
successful connection to socket.io
User connected: qp7P5K0dzWrTLEGTAAAH
User user.one@ (21) already connected.
User disconnected: user.one@ (21)
[Socket.IO] Disconnected: transport close
successful connection to socket.io
User connected: yONL609G7EDCXd8CAAAJ
User connected: user.one@ (21)
User disconnected: user.one@ (21)
[Socket.IO] Disconnected: transport close
successful connection to socket.io
User connected: FGgJAGInfrZ_Pds2AAAL
User connected: user.one@ (21)
User disconnected: user.one@ (21)
[Socket.IO] Disconnected: transport close
successful connection to socket.io
User connected: Myfm0jdGL11E_SD2AAAN
User connected: user.one@ (21)
User disconnected: user.one@ (21)
[Socket.IO] Disconnected: transport close
successful connection to socket.io
User connected: bn2df95vBaViYd2NAAAP
User connected: user.one@ (21)
User disconnected: user.one@ (21)
[Socket.IO] Disconnected: transport close
successful connection to socket.io
User connected: i7TNipwz3C1FC3jYAAAR
User connected: user.one@ (21)
User disconnected: user.one@ (21)
[Socket.IO] Disconnected: transport close
successful connection to socket.io
User connected: vz4ot2VzZZbATX1PAAAT
User connected: user.one@ (21)
successful connection to socket.io
User connected: 2fqpIx02oYA4tln0AAAV
User user.one@ (21) already connected.
successful connection to socket.io
User connected: Dlvv78OQ3-e9z5IaAAAB
User connected: user.one@ (21)
successful connection to socket.io
User connected: u0QVpo11bFo22VaqAAAD
User user.one@ (21) already connected.
User disconnected: user.one@ (21)
[Socket.IO] Disconnected: transport close
successful connection to socket.io
User connected: hBiMhd4t70SNhW-FAAAF
User connected: user.one@ (21)
successful connection to socket.io
User connected: zlH9UGOAu7_xdVpdAAAH
User user.one@ (21) already connected.
successful connection to socket.io
User connected: Z2Y3szubQ9bB3agjAAAJ
User user.one@ (21) already connected.
User disconnected: user.one@ (21)
[Socket.IO] Disconnected: transport close
successful connection to socket.io
User connected: znk4lGNFdc14GV0IAAAM
User connected: user.one@ (21)
successful connection to socket.io
User connected: Cbm_6WYp0Gq5I5UBAAAN
User user.one@ (21) already connected.
User disconnected: user.one@ (21)
[Socket.IO] Disconnected: transport close
successful connection to socket.io
User connected: KZmv4ru321amfSVNAAAP
User connected: user.one@ (21)
User disconnected: user.one@ (21)
[Socket.IO] Disconnected: ping timeout
successful connection to socket.io
User connected: JZi3ZSdeGj4sMQMHAAAR
User connected: user.one@ (21)
User disconnected: user.one@ (21)
[Socket.IO] Disconnected: ping timeout
successful connection to socket.io
User connected: SG-2Xyus-xtA3WHaAAAT
User connected: user.one@ (21)
User disconnected: user.one@ (21)
[Socket.IO] Disconnected: ping timeout
successful connection to socket.io
User connected: 8cEgZN3po7TPnpVtAAAV
User connected: user.one@ (21)
User disconnected: user.one@ (21)
[Socket.IO] Disconnected: transport close
successful connection to socket.io
User connected: 7wzrPAHULBm-zWzcAAAX
User connected: user.one@ (21)
User disconnected: user.one@ (21)
[Socket.IO] Disconnected: transport close
successful connection to socket.io
User connected: GziAbruYbQoJubThAAAZ
User connected: user.one@ (21)
User disconnected: user.one@ (21)
[Socket.IO] Disconnected: ping timeout
successful connection to socket.io
User connected: aUboVnVCfagvcwmxAAAb
User connected: user.one@ (21)
User disconnected: user.one@ (21)
[Socket.IO] Disconnected: ping timeout
successful connection to socket.io
User connected: 0im7nLM1_YbzsRwUAAAB
User connected: user.one@ (21)
successful connection to socket.io
User connected: JUH_mYHPTvwx9yMRAAAD
User user.one@ (21) already connected.
User disconnected: user.one@ (21)
[Socket.IO] Disconnected: transport close
successful connection to socket.io
User connected: rvZ73YBnBoD-_zdcAAAF
User connected: user.one@ (21)
successful connection to socket.io
User connected: h88TL6z_5t5hO-KQAAAH
User user.one@ (21) already connected.
successful connection to socket.io
User connected: z2FpYBEa_V0pHZdyAAAJ
User user.one@ (21) already connected.
successful connection to socket.io
User connected: Q_WqvV8NMvDRNnttAAAL
User user.one@ (21) already connected.
successful connection to socket.io
User connected: D3JSlJ42e_QzvSBaAAAN
User user.one@ (21) already connected.
successful connection to socket.io
User connected: dUprDJEURZq5xdNBAAAB
User connected: user.one@ (21)
successful connection to socket.io
User connected: 4SpV3KGrab1HUgFMAAAD
User user.one@ (21) already connected.
successful connection to socket.io
User connected: VbqGfo-ysn4iahipAAAF
User user.one@ (21) already connected.
successful connection to socket.io
User connected: sbsWaDHpoPCi2jiXAAAH
User user.one@ (21) already connected.
successful connection to socket.io
User connected: FZe_MHt0JnOxb8TyAAAJ
User user.one@ (21) already connected.
User disconnected: user.one@ (21)
[Socket.IO] Disconnected: transport close
successful connection to socket.io
User connected: bl-mupG11tmV43n9AAAM
User connected: user.one@ (21)
successful connection to socket.io
User connected: 3apXDE3XQ8xrgfjGAAAN
User user.one@ (21) already connected.
User disconnected: user.one@ (21)
[Socket.IO] Disconnected: ping timeout
successful connection to socket.io
User connected: Sm00hhFCJvvaWKUGAAAP
User connected: user.one@ (21)
successful connection to socket.io
User connected: Sdawg2rHzI3qkJ4lAAAR
User user.one@ (21) already connected.
User disconnected: user.one@ (21)
[Socket.IO] Disconnected: transport close
successful connection to socket.io
User connected: KGiRott7pWTd-N0nAAAT
User connected: user.one@ (21)
User disconnected: user.one@ (21)
[Socket.IO] Disconnected: transport close
successful connection to socket.io
User connected: Keqp-xssJXrqU7ZzAAAV
User connected: user.one@ (21)
successful connection to socket.io
User connected: VMp3t5NPvaNZxUhsAAAX
User user.one@ (21) already connected.
successful connection to socket.io
User connected: iklD1PFWnMJppP-NAAAZ
User user.one@ (21) already connected.
successful connection to socket.io
User connected: TweLorr3E6jPbzR6AAAB
User connected: user.one@ (21)
successful connection to socket.io
User connected: o94OLhvOl8KxycrxAAAD
User user.one@ (21) already connected.
User disconnected: user.one@ (21)
[Socket.IO] Disconnected: transport close
successful connection to socket.io
User connected: uXFjd_qky4XCQWSlAAAF
User connected: user.one@ (21)
User disconnected: user.one@ (21)
[Socket.IO] Disconnected: transport close
successful connection to socket.io
User connected: j6Bi4ohPTcoBSSr_AAAH
User connected: user.one@ (21)
User disconnected: user.one@ (21)
[Socket.IO] Disconnected: transport close
successful connection to socket.io
User connected: 6fbvwZSsrTpo40EfAAAJ
User connected: user.one@ (21)
User disconnected: user.one@ (21)
[Socket.IO] Disconnected: transport close
successful connection to socket.io
User connected: t5Q6qlrd9ck8LUw8AAAM
User connected: user.one@ (21)
successful connection to socket.io
User connected: 8MpKq5F6v4SdgRD1AAAN
User user.one@ (21) already connected.
User disconnected: user.one@ (21)
[Socket.IO] Disconnected: transport close
successful connection to socket.io
User connected: scEJwjnq_t_4tVN4AAAP
User connected: user.one@ (21)
User disconnected: user.one@ (21)
[Socket.IO] Disconnected: ping timeout
successful connection to socket.io
User connected: 29spCKTYc4f67BHjAAAR
User connected: user.one@ (21)
User disconnected: user.one@ (21)
[Socket.IO] Disconnected: transport close
successful connection to socket.io
User connected: 2_M1Xkdh1sR7xeOsAAAT
User connected: user.one@ (21)
User disconnected: user.one@ (21)
[Socket.IO] Disconnected: ping timeout
successful connection to socket.io
User connected: whofXoPqqkAB8p7IAAAV
User connected: user.one@ (21)
User disconnected: user.one@ (21)
[Socket.IO] Disconnected: ping timeout
successful connection to socket.io
User connected: 7VIAfG2vercT64a7AAAB
User connected: user.one@ (21)
successful connection to socket.io
User connected: ANf2qzr0tlrCJGEjAAAD
User user.one@ (21) already connected.
User disconnected: user.one@ (21)
[Socket.IO] Disconnected: transport close
successful connection to socket.io
User connected: CrlMVnKtVLs1EvSUAAAF
User connected: user.one@ (21)
successful connection to socket.io
User connected: swkOJWOhO-AwwoHAAAAH
User user.one@ (21) already connected.
successful connection to socket.io
User connected: 2hUk6GKYh5M1oA4KAAAJ
User user.one@ (21) already connected.
successful connection to socket.io
User connected: 2McZ9LVjQhIVOfm_AAAL
User user.one@ (21) already connected.
successful connection to socket.io
User connected: A88mat9DrFpshtcpAAAN
User user.one@ (21) already connected.
successful connection to socket.io
User connected: v832xWpDT-KAT-J7AAAP
User user.one@ (21) already connected.
successful connection to socket.io
User connected: c42Zk7Y5MzrCTbRCAAAB
User connected: user.one@ (21)
successful connection to socket.io
User connected: GQUvIGL8AbYND4jDAAAD
User user.one@ (21) already connected.
User disconnected: user.one@ (21)
[Socket.IO] Disconnected: transport close
successful connection to socket.io
User connected: 5d2Cz3T36Cmu-21cAAAF
User connected: user.one@ (21)
User disconnected: user.one@ (21)
[Socket.IO] Disconnected: transport close
successful connection to socket.io
User connected: Ip-K3gd1h2XbdGIXAAAH
User connected: user.one@ (21)
User disconnected: user.one@ (21)
[Socket.IO] Disconnected: transport close
successful connection to socket.io
User connected: dn1aUIxtrmaQysBSAAAJ
User connected: user.one@ (21)
HtmlSection menu3-36l inserted successfully.
HtmlSection header-Six-Things-You-Should-Know-as-a-Digital-Marketing-Guru inserted successfully.
HtmlSection breadcrumb1 inserted successfully.
HtmlSection Table-of-contents inserted successfully.
HtmlSection Introduction inserted successfully.
HtmlSection Quick-links-Gallery inserted successfully.
HtmlSection Stay-up-to-date-with-the-latest-digital-marketing-trends inserted successfully.
HtmlSection Have-a-strong-understanding-of-SEO inserted successfully.
HtmlSection Be-familiar-with-various-digital-marketing-channels inserted successfully.
HtmlSection Understand-the-importance-of-analytics inserted successfully.
HtmlSection Be-able-to-think-creatively inserted successfully.
HtmlSection Build-and-maintain-strong-relationships inserted successfully.
HtmlSection Conclusion inserted successfully.
HtmlSection References inserted successfully.
HtmlSection Acknowledgements inserted successfully.
HtmlSection footer4-2vn inserted successfully.
User disconnected: user.one@ (21)
[Socket.IO] Disconnected: transport close
successful connection to socket.io
User connected: LS_gYrzbTsL97NnlAAAL
User connected: user.one@ (21)
User disconnected: user.one@ (21)
[Socket.IO] Disconnected: transport close
successful connection to socket.io
User connected: LT0E8wZ-mbFBe6gpAAAN
User connected: user.one@ (21)
User disconnected: user.one@ (21)
[Socket.IO] Disconnected: transport close
successful connection to socket.io
User connected: 1ZMmZ3LKDO4A2GboAAAP
User connected: user.one@ (21)
successful connection to socket.io
User connected: V5hhQGLEGDvMzfb9AAAR
User user.one@ (21) already connected.
User disconnected: user.one@ (21)
[Socket.IO] Disconnected: transport close
successful connection to socket.io
User connected: v0e1gDR5CrahjaeNAAAT
User connected: user.one@ (21)
User disconnected: user.one@ (21)
[Socket.IO] Disconnected: transport close
successful connection to socket.io
User connected: pEcWSJ5AmFzLypJwAAAV
User connected: user.one@ (21)
User disconnected: user.one@ (21)
[Socket.IO] Disconnected: transport close
successful connection to socket.io
User connected: gviLq9U3Sb0IizRJAAAX
User connected: user.one@ (21)
successful connection to socket.io
User connected: mOAwRME2fyT05ZCuAAAZ
User user.one@ (21) already connected.
User disconnected: user.one@ (21)
[Socket.IO] Disconnected: transport close
successful connection to socket.io
User connected: a8gimJtVWyO5Kj68AAAb
User connected: user.one@ (21)
successful connection to socket.io
User connected: Ij5ZbkZ-nRLIq0UMAAAd
User user.one@ (21) already connected.
successful connection to socket.io
User connected: RhMs1kbOpbvVP9VrAAAf
User user.one@ (21) already connected.
User disconnected: user.one@ (21)
[Socket.IO] Disconnected: transport close
successful connection to socket.io
User connected: sdQ0ZJ1OBw7tGxkCAAAh
User connected: user.one@ (21)
successful connection to socket.io
User connected: svZjYFqfuFP3k_dpAAAj
User user.one@ (21) already connected.
successful connection to socket.io
User connected: 7nen2zUEYCUsrCBEAAAl
User user.one@ (21) already connected.
successful connection to socket.io
User connected: U8nyLF7UUiWCQAWKAAAn
User user.one@ (21) already connected.
User disconnected: user.one@ (21)
[Socket.IO] Disconnected: transport close
successful connection to socket.io
User connected: DczrDLVDGdG31SwxAAAr
User connected: user.one@ (21)
User disconnected: user.one@ (21)
[Socket.IO] Disconnected: transport close
successful connection to socket.io
User connected: hebVe-K5nff4WdojAAAt
User connected: user.one@ (21)
User disconnected: user.one@ (21)
[Socket.IO] Disconnected: transport close
successful connection to socket.io
User connected: Ve2I0kna-nZZHfeAAAAv
User connected: user.one@ (21)
User disconnected: user.one@ (21)
[Socket.IO] Disconnected: transport close
successful connection to socket.io
User connected: 6kV3GVK41KxH1xHNAAAx
User connected: user.one@ (21)
User disconnected: user.one@ (21)
[Socket.IO] Disconnected: transport close
successful connection to socket.io
User connected: N0m65iv8-bfl7lhKAAAz
User connected: user.one@ (21)
User disconnected: user.one@ (21)
[Socket.IO] Disconnected: transport close
successful connection to socket.io
User connected: Va_BQXAByv5xe4MRAAA1
User connected: user.one@ (21)
User disconnected: user.one@ (21)
[Socket.IO] Disconnected: transport close
successful connection to socket.io
User connected: lv1n9mpksUorrTvbAAA3
User connected: user.one@ (21)
successful connection to socket.io
User connected: YWmg6x5og4rvBRsgAAAB
User connected: user.one@ (21)
successful connection to socket.io
User connected: NBHjmFMOq34ykAnVAAAD
User user.one@ (21) already connected.
successful connection to socket.io
User connected: Yjp6v_uPKPIBO2fIAAAF
User user.one@ (21) already connected.
successful connection to socket.io
User connected: POSsPEOuGfpSO2hHAAAH
User user.one@ (21) already connected.
successful connection to socket.io
User connected: -RTJDpyDaaBk00NHAAAJ
User user.one@ (21) already connected.
successful connection to socket.io
User connected: y3r0DJGy22wshBpXAAAL
User user.one@ (21) already connected.
User disconnected: user.one@ (21)
[Socket.IO] Disconnected: transport close
successful connection to socket.io
User connected: __fM5ySeik7W8l5xAAAN
User connected: user.one@ (21)
HtmlSection menu3-36l inserted successfully.
HtmlSection Header-SEO-Analytics-and-Performance-Measurement inserted successfully.
HtmlSection breadcrumb1 inserted successfully.
HtmlSection Table-of-contents inserted successfully.
HtmlSection Introduction inserted successfully.
HtmlSection Key-Metrics-for-SEO-Success inserted successfully.
HtmlSection Essential-SEO-Tools-for-Tracking-Performance inserted successfully.
HtmlSection Case-Study-Analyzing-Organic-Traffic-Trends inserted successfully.
HtmlSection Example-Tracking-Keyword-Performance inserted successfully.
HtmlSection Conclusion inserted successfully.
HtmlSection features16-32v inserted successfully.
HtmlSection Acknowledgements inserted successfully.
HtmlSection Next-Post:-SEO-Trends-and-Future-Considerations inserted successfully.
HtmlSection Previous-Post:-Advanced-SEO-Strategies: inserted successfully.
HtmlSection footer4-2tj inserted successfully.
User disconnected: user.one@ (21)
[Socket.IO] Disconnected: transport close
successful connection to socket.io
User connected: cj8ZNUObEDqWpSpDAAAP
User connected: user.one@ (21)
successful connection to socket.io
User connected: d44cdRafLLto0riVAAAR
User user.one@ (21) already connected.
User disconnected: user.one@ (21)
[Socket.IO] Disconnected: transport close
successful connection to socket.io
User connected: 5BDS1hoLVB6bxHj2AAAT
User connected: user.one@ (21)
successful connection to socket.io
User connected: 8Xj2-GpB9FQgmyKpAAAV
User user.one@ (21) already connected.
User disconnected: user.one@ (21)
[Socket.IO] Disconnected: ping timeout
successful connection to socket.io
User connected: Y675aIZ1p1IxsP-fAAAX
User connected: user.one@ (21)
User disconnected: user.one@ (21)
[Socket.IO] Disconnected: transport close
successful connection to socket.io
User connected: vUNEJudUwCwWroLrAAAZ
User connected: user.one@ (21)
successful connection to socket.io
User connected: o6VtKjiyJos2m42YAAAb
User user.one@ (21) already connected.
User disconnected: user.one@ (21)
[Socket.IO] Disconnected: transport close
successful connection to socket.io
User connected: BvxkFxbVg1l0etmcAAAd
User connected: user.one@ (21)
User disconnected: user.one@ (21)
[Socket.IO] Disconnected: transport close
successful connection to socket.io
User connected: ChnBVKImMnYaY3CgAAAC
User connected: user.one@ (21)
successful connection to socket.io
User connected: dUm07MMCvK7LvOEjAAAD
User user.one@ (21) already connected.
User disconnected: user.one@ (21)
[Socket.IO] Disconnected: transport close
successful connection to socket.io
User connected: _DY1DezATAc2B6dhAAAJ
User connected: user.one@ (21)
User disconnected: user.one@ (21)
[Socket.IO] Disconnected: transport close
successful connection to socket.io
User connected: fWIKVcyrx2VRWbfvAAAL
User connected: user.one@ (21)
User disconnected: user.one@ (21)
[Socket.IO] Disconnected: transport close
successful connection to socket.io
User connected: OepHGtcOlme1tXo4AAAN
User connected: user.one@ (21)
User disconnected: user.one@ (21)
[Socket.IO] Disconnected: transport close
successful connection to socket.io
User connected: Vi9tfaWs_qH1fGYOAAAP
User connected: user.one@ (21)
User disconnected: user.one@ (21)
[Socket.IO] Disconnected: transport close
successful connection to socket.io
User connected: mjlOh9HgTThrqMWPAAAR
User connected: user.one@ (21)
successful connection to socket.io
User connected: BVmO-MGxd3IbsQMuAAAT
User user.one@ (21) already connected.
successful connection to socket.io
User connected: GXflb-bxrigv8GBZAAAV
User user.one@ (21) already connected.
HtmlSection menu3-36l inserted successfully.
HtmlSection header-On-Page-SEO-Techniques inserted successfully.
HtmlSection breadcrumb1 inserted successfully.
HtmlSection Table-of-contents inserted successfully.
HtmlSection Introduction inserted successfully.
HtmlSection features17-314 inserted successfully.
HtmlSection Case-Study-Implementing-Meta-Tags inserted successfully.
HtmlSection Example-Optimizing-Title-Tags-for-Better-CTR inserted successfully.
HtmlSection Conclusion inserted successfully.
HtmlSection References inserted successfully.
HtmlSection Acknowledgements inserted successfully.
HtmlSection Next-Post-Off-Page-SEO-Strategies inserted successfully.
HtmlSection Previous-Post-Introduction-to-SEO-and-Digital-Marketing inserted successfully.
HtmlSection footer4-2tj inserted successfully.
User disconnected: user.one@ (21)
[Socket.IO] Disconnected: transport close
successful connection to socket.io
User connected: -at0cTpJzaGN8EbSAAAX
User connected: user.one@ (21)
User disconnected: user.one@ (21)
[Socket.IO] Disconnected: transport close
successful connection to socket.io
User connected: 9bVk9jRYHwwgCw9WAAAZ
User connected: user.one@ (21)
User disconnected: user.one@ (21)
[Socket.IO] Disconnected: transport close
successful connection to socket.io
User connected: jVpi2m9brhjU6_oSAAAc
User connected: user.one@ (21)
successful connection to socket.io
User connected: DH77uEWSNv3n5JqQAAAd
User user.one@ (21) already connected.
User disconnected: user.one@ (21)
[Socket.IO] Disconnected: transport close
successful connection to socket.io
User connected: jVFxgRFLkFW7OgMOAAAf
User connected: user.one@ (21)
successful connection to socket.io
User connected: qBen5H_an-VGB53rAAAh
User user.one@ (21) already connected.
User disconnected: user.one@ (21)
[Socket.IO] Disconnected: transport close
successful connection to socket.io
User connected: w4d4nlYBhNDcqLifAAAj
User connected: user.one@ (21)
User disconnected: user.one@ (21)
[Socket.IO] Disconnected: ping timeout
successful connection to socket.io
User connected: PpdUOjcrz4bTmc1dAAAl
User connected: user.one@ (21)
successful connection to socket.io
User connected: LCwESXBJuNDXRVHmAAAB
User connected: user.one@ (21)
User disconnected: user.one@ (21)
[Socket.IO] Disconnected: transport close
successful connection to socket.io
User connected: f3gc3pr6UVTwgeO5AAAD
User connected: user.one@ (21)
User disconnected: user.one@ (21)
[Socket.IO] Disconnected: transport close
successful connection to socket.io
User connected: bFcqtkbRKnJoifg7AAAF
User connected: user.one@ (21)
User disconnected: user.one@ (21)
[Socket.IO] Disconnected: transport close
successful connection to socket.io
User connected: 61uvt8h0edOuWNuTAAAH
User connected: user.one@ (21)
User disconnected: user.one@ (21)
[Socket.IO] Disconnected: transport close
successful connection to socket.io
User connected: 5kynRE8bG5El6RDnAAAJ
User connected: user.one@ (21)
User disconnected: user.one@ (21)
[Socket.IO] Disconnected: transport close
successful connection to socket.io
User connected: tdk43fDpBSO1HQtPAAAL
User connected: user.one@ (21)
User disconnected: user.one@ (21)
[Socket.IO] Disconnected: transport close
successful connection to socket.io
User connected: _pQU2emkKiNe_Z9MAAAN
User connected: user.one@ (21)
successful connection to socket.io
User connected: MCBZY_O2N5yrY-5sAAAP
User user.one@ (21) already connected.
User disconnected: user.one@ (21)
[Socket.IO] Disconnected: transport close
successful connection to socket.io
User connected: kjPD5xFOjwTAN5n8AAAS
User connected: user.one@ (21)
successful connection to socket.io
User connected: y2idae0iF6FDk0tgAAAT
User user.one@ (21) already connected.
User disconnected: user.one@ (21)
[Socket.IO] Disconnected: ping timeout
successful connection to socket.io
User connected: QLArAHjSLnoLkEqPAAAB
User connected: user.one@ (21)
successful connection to socket.io
User connected: FPM5joE2N89bbtF3AAAD
User user.one@ (21) already connected.
User disconnected: user.one@ (21)
[Socket.IO] Disconnected: transport close
successful connection to socket.io
User connected: z3nUaxKrlrDPAmqIAAAF
User connected: user.one@ (21)
User disconnected: user.one@ (21)
[Socket.IO] Disconnected: transport close
successful connection to socket.io
User connected: vZGhwr5Z1cREptaLAAAH
User connected: user.one@ (21)
User disconnected: user.one@ (21)
[Socket.IO] Disconnected: transport close
successful connection to socket.io
User connected: _aaOI5rdnIFK2mUhAAAJ
User connected: user.one@ (21)
successful connection to socket.io
User connected: q_MNOnureowIt954AAAL
User user.one@ (21) already connected.
successful connection to socket.io
User connected: FkmJsORS0-xrKvXbAAAN
User user.one@ (21) already connected.
successful connection to socket.io
User connected: pPbEdnyRSDIQt-Q4AAAP
User user.one@ (21) already connected.
User disconnected: user.one@ (21)
[Socket.IO] Disconnected: transport close
successful connection to socket.io
User connected: yw5WeMpUgB9WoOHwAAAR
User connected: user.one@ (21)
User disconnected: user.one@ (21)
[Socket.IO] Disconnected: transport close
successful connection to socket.io
User connected: 8k6Ekmj3qxY07cSQAAAT
User connected: user.one@ (21)
User disconnected: user.one@ (21)
[Socket.IO] Disconnected: transport close
successful connection to socket.io
User connected: -v2dABtQJmpvtTJ8AAAV
User connected: user.one@ (21)
User disconnected: user.one@ (21)
[Socket.IO] Disconnected: transport close
successful connection to socket.io
User connected: uDWyi5PzzFiryitHAAAX
User connected: user.one@ (21)
User disconnected: user.one@ (21)
[Socket.IO] Disconnected: transport close
successful connection to socket.io
User connected: GPDJQYGEznkSTesLAAAZ
User connected: user.one@ (21)
User disconnected: user.one@ (21)
[Socket.IO] Disconnected: transport close
successful connection to socket.io
User connected: 4FxUeN3W9NyeLNUOAAAb
User connected: user.one@ (21)
User disconnected: user.one@ (21)
[Socket.IO] Disconnected: transport close
successful connection to socket.io
User connected: hUSxsuw9HVZSUeflAAAd
User connected: user.one@ (21)
successful connection to socket.io
User connected: ckKS8NxT34OJqkUtAAAf
User user.one@ (21) already connected.
successful connection to socket.io
User connected: Ffasir0E3nExCqo-AAAh
User user.one@ (21) already connected.
successful connection to socket.io
User connected: _Fzh5lQQW_vtric6AAAB
User connected: user.one@ (21)
successful connection to socket.io
User connected: 2PTBJoyszTsCDhiyAAAD
User user.one@ (21) already connected.
successful connection to socket.io
User connected: 6nd9ZF5p1cXtGxLAAAAB
User connected: user.one@ (21)
successful connection to socket.io
User connected: 7VpobWIzIMjDNeO2AAAD
User user.one@ (21) already connected.
successful connection to socket.io
User connected: auZJn0x2oOWZtRpyAAAB
User connected: user.one@ (21)
successful connection to socket.io
User connected: f7nBglaT78LlHZvLAAAD
User user.one@ (21) already connected.
User disconnected: user.one@ (21)
[Socket.IO] Disconnected: transport close
successful connection to socket.io
User connected: 0E41fvLmurs_O_WIAAAF
User connected: user.one@ (21)
successful connection to socket.io
User connected: bmMYAG6iICSa7vqEAAAH
User user.one@ (21) already connected.
successful connection to socket.io
User connected: IoA4Of3voT6GPwNIAAAJ
User user.one@ (21) already connected.
User disconnected: user.one@ (21)
[Socket.IO] Disconnected: transport close
successful connection to socket.io
User connected: qs4fNKkTFzXM7dy4AAAM
User connected: user.one@ (21)
successful connection to socket.io
User connected: RE0FSKuWXIw7bVT6AAAN
User user.one@ (21) already connected.
User disconnected: user.one@ (21)
[Socket.IO] Disconnected: ping timeout
successful connection to socket.io
User connected: eCHZc__fRnWUoZJNAAAP
User connected: user.one@ (21)
User disconnected: user.one@ (21)
[Socket.IO] Disconnected: transport close
successful connection to socket.io
User connected: zKCNKVMLciv6Zi3nAAAR
User connected: user.one@ (21)
User disconnected: user.one@ (21)
[Socket.IO] Disconnected: transport close
successful connection to socket.io
User connected: rxK00ZHI8RGF8kA6AAAU
User connected: user.one@ (21)
successful connection to socket.io
User connected: bA7QAjxq4kjqdY2VAAAV
User user.one@ (21) already connected.
User disconnected: user.one@ (21)
[Socket.IO] Disconnected: ping timeout
successful connection to socket.io
User connected: hPG-yvKAZq3XzD2aAAAX
User connected: user.one@ (21)
User disconnected: user.one@ (21)
[Socket.IO] Disconnected: transport close
successful connection to socket.io
User connected: BpvhywcMsKO8CBOdAAAZ
User connected: user.one@ (21)
User disconnected: user.one@ (21)
[Socket.IO] Disconnected: transport close
successful connection to socket.io
User connected: qVk2mnDi_S2WdM5cAAAb
User connected: user.one@ (21)
successful connection to socket.io
User connected: IuSHE4YRSlfyASmBAAAd
User user.one@ (21) already connected.
successful connection to socket.io
User connected: MQQtZFAj60YK-umvAAAf
User user.one@ (21) already connected.
User disconnected: user.one@ (21)
[Socket.IO] Disconnected: ping timeout
successful connection to socket.io
User connected: 7VZU1WoEfiE219sDAAAh
User connected: user.one@ (21)
User disconnected: user.one@ (21)
[Socket.IO] Disconnected: transport close
successful connection to socket.io
User connected: k5z_ybF7sDM-fv10AAAj
User connected: user.one@ (21)
User disconnected: user.one@ (21)
[Socket.IO] Disconnected: transport close
successful connection to socket.io
User connected: YazedotS4WAT8YWvAAAl
User connected: user.one@ (21)
successful connection to socket.io
User connected: qyxJ9Ys4w6lUhg-dAAAn
User user.one@ (21) already connected.
User disconnected: user.one@ (21)
[Socket.IO] Disconnected: transport close
successful connection to socket.io
User connected: 4b-mriaa5kTbSk3SAAAp
User connected: user.one@ (21)
User disconnected: user.one@ (21)
[Socket.IO] Disconnected: transport close
successful connection to socket.io
User connected: PGcQ3tD4Gdv3iTtPAAAr
User connected: user.one@ (21)
User disconnected: user.one@ (21)
[Socket.IO] Disconnected: transport close
successful connection to socket.io
User connected: C4SGZUIg9VWBLMTZAAAt
User connected: user.one@ (21)
User disconnected: user.one@ (21)
[Socket.IO] Disconnected: transport close
successful connection to socket.io
User connected: sxoOgE3VE826fMR2AAAv
User connected: user.one@ (21)
User disconnected: user.one@ (21)
[Socket.IO] Disconnected: transport close
successful connection to socket.io
User connected: gA3SO7QCjyXRAAgYAAAx
User connected: user.one@ (21)
successful connection to socket.io
User connected: W8EIea2LZ2Vke2LfAAAz
User user.one@ (21) already connected.
User disconnected: user.one@ (21)
[Socket.IO] Disconnected: transport close
successful connection to socket.io
User connected: O0dxbD72hI322Nv1AAA1
User connected: user.one@ (21)
User disconnected: user.one@ (21)
[Socket.IO] Disconnected: transport close
successful connection to socket.io
User connected: xv9qLzBQSIi2SHTvAAA3
User connected: user.one@ (21)
User disconnected: user.one@ (21)
[Socket.IO] Disconnected: transport close
successful connection to socket.io
User connected: XF7IVRrzQprrN6XPAAA5
User connected: user.one@ (21)
User disconnected: user.one@ (21)
[Socket.IO] Disconnected: transport close
successful connection to socket.io
User connected: PWeMVqbzLOj8bUkAAAA7
User connected: user.one@ (21)
successful connection to socket.io
User connected: EvhLYwuwlSokklwqAAA9
User user.one@ (21) already connected.
User disconnected: user.one@ (21)
[Socket.IO] Disconnected: transport close
successful connection to socket.io
User connected: 05vl-Nl6IYO0Y-N-AAA_
User connected: user.one@ (21)
User disconnected: user.one@ (21)
[Socket.IO] Disconnected: transport close
successful connection to socket.io
User connected: 7cL613Icilm-y89GAABB
User connected: user.one@ (21)
User disconnected: user.one@ (21)
[Socket.IO] Disconnected: transport close
successful connection to socket.io
User connected: wVNO5QfXDm0nCgvsAABD
User connected: user.one@ (21)
User disconnected: user.one@ (21)
[Socket.IO] Disconnected: transport close
successful connection to socket.io
User connected: 8LG0OvXcHLKoWLEpAABF
User connected: user.one@ (21)
User disconnected: user.one@ (21)
[Socket.IO] Disconnected: transport close
successful connection to socket.io
User connected: L2jaAPCZejj9pK-xAABH
User connected: user.one@ (21)
successful connection to socket.io
User connected: yum3exGkxtkz4MOoAABJ
User user.one@ (21) already connected.
successful connection to socket.io
User connected: ZZka_8J37HWFO1S7AABL
User user.one@ (21) already connected.
User disconnected: user.one@ (21)
[Socket.IO] Disconnected: transport close
successful connection to socket.io
User connected: ylKC1ZrORgSbdaeDAABO
User connected: user.one@ (21)
successful connection to socket.io
User connected: yHxCerUYsisM0fuZAABP
User user.one@ (21) already connected.
User disconnected: user.one@ (21)
[Socket.IO] Disconnected: transport close
successful connection to socket.io
User connected: MXs-DYO9UTC_9KNCAABR
User connected: user.one@ (21)
User disconnected: user.one@ (21)
[Socket.IO] Disconnected: transport close
successful connection to socket.io
User connected: 3h1y8vZA1Q6vmLFmAABT
User connected: user.one@ (21)
User disconnected: user.one@ (21)
[Socket.IO] Disconnected: ping timeout
successful connection to socket.io
User connected: 5err2ojoqdHr6xLmAABV
User connected: user.one@ (21)
User disconnected: user.one@ (21)
[Socket.IO] Disconnected: transport close
successful connection to socket.io
User connected: zIGK4ad4OBWiv0ZNAABX
User connected: user.one@ (21)
successful connection to socket.io
User connected: Kt2CR_zVbCK6aAjgAABZ
User user.one@ (21) already connected.
User disconnected: user.one@ (21)
[Socket.IO] Disconnected: transport close
successful connection to socket.io
User connected: HDLhn58OKollpS1UAABb
User connected: user.one@ (21)
User disconnected: user.one@ (21)
[Socket.IO] Disconnected: transport close
successful connection to socket.io
User connected: aYFgPKdAdwzhWYrdAABd
User connected: user.one@ (21)
User disconnected: user.one@ (21)
[Socket.IO] Disconnected: transport close
successful connection to socket.io
User connected: EB0Uq6mYBH0D6PJwAABf
User connected: user.one@ (21)
User disconnected: user.one@ (21)
[Socket.IO] Disconnected: transport close
successful connection to socket.io
User connected: jKU7eTTXzemqgjIHAABh
User connected: user.one@ (21)
User disconnected: user.one@ (21)
[Socket.IO] Disconnected: transport close
successful connection to socket.io
User connected: -zjxSxqLlvBvABWoAABj
User connected: user.one@ (21)
User disconnected: user.one@ (21)
[Socket.IO] Disconnected: transport close
successful connection to socket.io
User connected: XehK5WgeEpFXE6awAABl
User connected: user.one@ (21)
User disconnected: user.one@ (21)
[Socket.IO] Disconnected: transport close
successful connection to socket.io
User connected: NhAaEwL6HjOksU0uAABn
User connected: user.one@ (21)
User disconnected: user.one@ (21)
[Socket.IO] Disconnected: transport close
successful connection to socket.io
User connected: QdcAffdolQ71mNq9AABp
User connected: user.one@ (21)
User disconnected: user.one@ (21)
[Socket.IO] Disconnected: transport close
successful connection to socket.io
User connected: 16MYU0Q41u4T0rz0AABr
User connected: user.one@ (21)
User disconnected: user.one@ (21)
[Socket.IO] Disconnected: transport close
successful connection to socket.io
User connected: P4k8J6UtS3-mf6OyAABt
User connected: user.one@ (21)
successful connection to socket.io
User connected: MeuTLF8B9plUzGcmAABv
User user.one@ (21) already connected.
User disconnected: user.one@ (21)
[Socket.IO] Disconnected: transport close
successful connection to socket.io
User connected: _RSkz3pqTkNdCOebAABx
User connected: user.one@ (21)
successful connection to socket.io
User connected: usrlRzvCE5cIixN0AABz
User user.one@ (21) already connected.
successful connection to socket.io
User connected: pOcFWUzba_ff9e3xAAAB
User connected: user.one@ (21)
successful connection to socket.io
User connected: 8ssIspAz4OLyXaQjAAAD
User user.one@ (21) already connected.
successful connection to socket.io
User connected: TUNWbFQ99rxiasvqAAAF
User user.one@ (21) already connected.
successful connection to socket.io
User connected: zyZKuww06L1ZVT9yAAAH
User user.one@ (21) already connected.
successful connection to socket.io
User connected: Bg5DNvjaxuM6pTZTAAAJ
User user.one@ (21) already connected.
successful connection to socket.io
User connected: ZzB-S00Nbcw427PuAAAL
User user.one@ (21) already connected.
successful connection to socket.io
User connected: HaS1IND9MXRylJsUAAAN
User user.one@ (21) already connected.
successful connection to socket.io
User connected: PdCquo2FPyv5jJJTAAAP
User user.one@ (21) already connected.
successful connection to socket.io
User connected: jLjf-VfiHrWPpLU9AAAR
User user.one@ (21) already connected.
successful connection to socket.io
User connected: _Nt3dCBOO24hf1k5AAAT
User user.one@ (21) already connected.
successful connection to socket.io
User connected: PuYExymD-LyjY8Q7AAAV
User user.one@ (21) already connected.
successful connection to socket.io
User connected: 82QKH3xT07HB9uUDAAAX
User user.one@ (21) already connected.
successful connection to socket.io
User connected: ujNwffGtjpbC7kHAAAAZ
User user.one@ (21) already connected.
successful connection to socket.io
User connected: KQma38OGJqy8QFRoAAAb
User user.one@ (21) already connected.
successful connection to socket.io
User connected: pgbfp0hkkpnnoZ81AAAd
User user.one@ (21) already connected.
User disconnected: user.one@ (21)
[Socket.IO] Disconnected: transport close
successful connection to socket.io
User connected: WX2T0MTAOdiZsgYHAAAf
User connected: user.one@ (21)
User disconnected: user.one@ (21)
[Socket.IO] Disconnected: transport close
successful connection to socket.io
User connected: ogJKlTsLwZTvbRrXAAAh
User connected: user.one@ (21)
successful connection to socket.io
User connected: YUn60HNDL3V_fwIuAAAj
User user.one@ (21) already connected.
User disconnected: user.one@ (21)
[Socket.IO] Disconnected: transport close
successful connection to socket.io
User connected: 1_EwAcl5KCWbh7kkAAAl
User connected: user.one@ (21)
User disconnected: user.one@ (21)
[Socket.IO] Disconnected: transport close
successful connection to socket.io
User connected: xvWGGSCdPfN9prgdAAAn
User connected: user.one@ (21)
User disconnected: user.one@ (21)
[Socket.IO] Disconnected: transport close
successful connection to socket.io
User connected: UzsmBk93I_lm75jmAAAp
User connected: user.one@ (21)
User disconnected: user.one@ (21)
[Socket.IO] Disconnected: transport close
successful connection to socket.io
User connected: AbjuyJ_U8nY3_FRCAAAt
User connected: user.one@ (21)
successful connection to socket.io
User connected: taRAEK1eYxrA_mkcAAAs
User user.one@ (21) already connected.
User disconnected: user.one@ (21)
[Socket.IO] Disconnected: transport close
successful connection to socket.io
User connected: SDKaY4AvdgzH-a_YAAAv
User connected: user.one@ (21)
User disconnected: user.one@ (21)
[Socket.IO] Disconnected: transport close
successful connection to socket.io
User connected: OnIsinHCW4DTsIUXAAAx
User connected: user.one@ (21)
User disconnected: user.one@ (21)
[Socket.IO] Disconnected: transport close
successful connection to socket.io
User connected: lFR3a1Q6DZw887xsAAAz
User connected: user.one@ (21)
successful connection to socket.io
User connected: 2sHQrNiDqQfKA2xOAAA1
User user.one@ (21) already connected.
User disconnected: user.one@ (21)
[Socket.IO] Disconnected: transport close
successful connection to socket.io
User connected: B93be_6aQCNbmB5dAAA3
User connected: user.one@ (21)
User disconnected: user.one@ (21)
[Socket.IO] Disconnected: transport close
successful connection to socket.io
User connected: 4vK9y2Knh6oZi2cMAAA5
User connected: user.one@ (21)
User disconnected: user.one@ (21)
[Socket.IO] Disconnected: transport close
successful connection to socket.io
User connected: SIMPv3kEX3h6yUs1AAA7
User connected: user.one@ (21)
User disconnected: user.one@ (21)
[Socket.IO] Disconnected: transport close
successful connection to socket.io
User connected: _yAqGfsWMlvfuiuoAAA9
User connected: user.one@ (21)
User disconnected: user.one@ (21)
[Socket.IO] Disconnected: transport close
successful connection to socket.io
User connected: 5qiCVLg2JFt7qRZjAAA_
User connected: user.one@ (21)
successful connection to socket.io
User connected: RiInCaco_9FkY_luAABB
User user.one@ (21) already connected.
User disconnected: user.one@ (21)
[Socket.IO] Disconnected: transport close
successful connection to socket.io
User connected: KA8Eukw2mlsA7CgpAABD
User connected: user.one@ (21)
User disconnected: user.one@ (21)
[Socket.IO] Disconnected: transport close
successful connection to socket.io
User connected: RazWXFgQWmquHsGWAABF
User connected: user.one@ (21)
User disconnected: user.one@ (21)
[Socket.IO] Disconnected: transport close
successful connection to socket.io
User connected: ks1e1zx2y6VaPpbsAABH
User connected: user.one@ (21)
User disconnected: user.one@ (21)
[Socket.IO] Disconnected: transport close
successful connection to socket.io
User connected: k3tTOlvAUpzF7ipMAABJ
User connected: user.one@ (21)
User disconnected: user.one@ (21)
[Socket.IO] Disconnected: transport close
successful connection to socket.io
User connected: E_hmcvXvxuLh4RgHAABL
User connected: user.one@ (21)
User disconnected: user.one@ (21)
[Socket.IO] Disconnected: transport close
successful connection to socket.io
User connected: AmnofvXUqpPftjDrAABN
User connected: user.one@ (21)
successful connection to socket.io
User connected: dM69nXzgltD-UEKzAABP
User user.one@ (21) already connected.
User disconnected: user.one@ (21)
[Socket.IO] Disconnected: transport close
successful connection to socket.io
User connected: YCZpnSDdtZ-gajLeAABR
User connected: user.one@ (21)
User disconnected: user.one@ (21)
[Socket.IO] Disconnected: transport close
successful connection to socket.io
User connected: aXuWjSMx8SjH6B_MAABT
User connected: user.one@ (21)
User disconnected: user.one@ (21)
[Socket.IO] Disconnected: transport close
successful connection to socket.io
User connected: OCJolYcRvALPOclMAABV
User connected: user.one@ (21)
User disconnected: user.one@ (21)
[Socket.IO] Disconnected: transport close
successful connection to socket.io
User connected: MpZMh7jInTLmzLQXAABX
User connected: user.one@ (21)
User disconnected: user.one@ (21)
[Socket.IO] Disconnected: transport close
successful connection to socket.io
User connected: L-YyD51HQKPz8H8EAABZ
User connected: user.one@ (21)
User disconnected: user.one@ (21)
[Socket.IO] Disconnected: transport close
successful connection to socket.io
User connected: qBWO8H3dtUv9ZgaLAABb
User connected: user.one@ (21)
User disconnected: user.one@ (21)
[Socket.IO] Disconnected: transport close
successful connection to socket.io
User connected: -b-euCeKI96jNGwzAABd
User connected: user.one@ (21)
successful connection to socket.io
User connected: Q_gS7JDlLh9qomh-AABf
User user.one@ (21) already connected.
successful connection to socket.io
User connected: XfkjtoL13gnyNytLAABh
User user.one@ (21) already connected.
successful connection to socket.io
User connected: t0DOXp7S4WzDGqyCAABj
User user.one@ (21) already connected.
User disconnected: user.one@ (21)
[Socket.IO] Disconnected: transport close
successful connection to socket.io
User connected: 7ysTOMMuG6BYpLUWAABm
User connected: user.one@ (21)
successful connection to socket.io
User connected: wdg30e9ylcc5XspmAABn
User user.one@ (21) already connected.
User disconnected: user.one@ (21)
[Socket.IO] Disconnected: transport close
successful connection to socket.io
User connected: Ky4Tx9zRY8fKca3OAABp
User connected: user.one@ (21)
User disconnected: user.one@ (21)
[Socket.IO] Disconnected: transport close
successful connection to socket.io
User connected: 0VYdCUTgR6a_QqtuAABr
User connected: user.one@ (21)
User disconnected: user.one@ (21)
[Socket.IO] Disconnected: transport close
successful connection to socket.io
User connected: AemOQRR6HjvJqBDLAABt
User connected: user.one@ (21)
User disconnected: user.one@ (21)
[Socket.IO] Disconnected: transport close
successful connection to socket.io
User connected: BeUYoF4XwB2mIP-rAABv
User connected: user.one@ (21)
successful connection to socket.io
User connected: t5f7PuLZv4BBSBjTAABx
User user.one@ (21) already connected.
User disconnected: user.one@ (21)
[Socket.IO] Disconnected: transport close
successful connection to socket.io
User connected: 6VZLmPejv1Mm0q34AABz
User connected: user.one@ (21)
User disconnected: user.one@ (21)
[Socket.IO] Disconnected: transport close
successful connection to socket.io
User connected: 2TjkKblhvsBfm3y3AAB1
User connected: user.one@ (21)
User disconnected: user.one@ (21)
[Socket.IO] Disconnected: transport close
successful connection to socket.io
User connected: bbiDQOPL0i8ArGGMAAB3
User connected: user.one@ (21)
User disconnected: user.one@ (21)
[Socket.IO] Disconnected: transport close
successful connection to socket.io
User connected: ld1oZYFsuLhqwWKlAAB6
User connected: user.one@ (21)
successful connection to socket.io
User connected: Ak40C8uY8qEFMPk9AAB7
User user.one@ (21) already connected.
User disconnected: user.one@ (21)
[Socket.IO] Disconnected: transport close
successful connection to socket.io
User connected: s_EEG9CUJzVdG2tqAAB9
User connected: user.one@ (21)
successful connection to socket.io
User connected: M-clZvg-7wsQ7kQ1AAB_
User user.one@ (21) already connected.
successful connection to socket.io
User connected: oxhSXbHXQKAdNvvPAACB
User user.one@ (21) already connected.
successful connection to socket.io
User connected: 4lbt1fbO9Yvl_6IbAACD
User user.one@ (21) already connected.
successful connection to socket.io
User connected: g4vKogXnfEV3EzPTAACF
User user.one@ (21) already connected.
successful connection to socket.io
User connected: iaiiCnLOK_lJ9lEZAACH
User user.one@ (21) already connected.
successful connection to socket.io
User connected: dsEeHzEmbBujPIC0AACJ
User user.one@ (21) already connected.
successful connection to socket.io
User connected: Ka8YGVFsWlJyDKFEAACL
User user.one@ (21) already connected.
successful connection to socket.io
User connected: CTJaUb18lJYCHh9LAACN
User user.one@ (21) already connected.
successful connection to socket.io
User connected: stDNumm--fjhoQyEAACP
User user.one@ (21) already connected.
User disconnected: user.one@ (21)
[Socket.IO] Disconnected: transport close
successful connection to socket.io
User connected: m4KFDpi2i760wlMQAACR
User connected: user.one@ (21)
successful connection to socket.io
User connected: LWS2PhsF0x6J5nYPAACT
User user.one@ (21) already connected.
successful connection to socket.io
User connected: UpByS3UgNYOtRR0kAACV
User user.one@ (21) already connected.
successful connection to socket.io
User connected: Ekk6K595KmFxsbOCAAAB
User connected: user.one@ (21)
successful connection to socket.io
User connected: VPP2v0ISWY6GAHOiAAAD
User user.one@ (21) already connected.
successful connection to socket.io
User connected: ESFSE6Q__inyo1a9AAAF
User user.one@ (21) already connected.
successful connection to socket.io
User connected: dmtstpZSC6L4GYDIAAAH
User user.one@ (21) already connected.
successful connection to socket.io
User connected: ytBHy_J3_ERyLAB6AAAJ
User user.one@ (21) already connected.
User disconnected: user.one@ (21)
[Socket.IO] Disconnected: ping timeout
successful connection to socket.io
User connected: 6nxKBK2oMX98vneUAAAL
User connected: user.one@ (21)
successful connection to socket.io
User connected: 63kg9hK3w-cWJewDAAAN
User user.one@ (21) already connected.
successful connection to socket.io
User connected: bgjEMD9DLkcrNxWcAAAP
User user.one@ (21) already connected.
User disconnected: user.one@ (21)
[Socket.IO] Disconnected: transport close
successful connection to socket.io
User connected: iMjpAdXXz_NLJeYeAAAR
User connected: user.one@ (21)
User disconnected: user.one@ (21)
[Socket.IO] Disconnected: transport close
successful connection to socket.io
User connected: fvl0_2knFJjWu5oKAAAT
User connected: user.one@ (21)
User disconnected: user.one@ (21)
[Socket.IO] Disconnected: transport close
successful connection to socket.io
User connected: jYaB6-fEw78WKN96AAAV
User connected: user.one@ (21)
successful connection to socket.io
User connected: aDTQzqAe0P8RAHuzAAAX
User user.one@ (21) already connected.
successful connection to socket.io
User connected: GEzsd_-fhH6tGdzxAAAZ
User user.one@ (21) already connected.
successful connection to socket.io
User connected: 9-cB_ZfAyLfc1Q3bAAAb
User user.one@ (21) already connected.
successful connection to socket.io
User connected: mZmR9Ts4_TdG6krzAAAd
User user.one@ (21) already connected.
successful connection to socket.io
User connected: e_bcTh3pAKiDP8gSAAAf
User user.one@ (21) already connected.
successful connection to socket.io
User connected: BOQJoh78TmV78g6pAAAh
User user.one@ (21) already connected.
successful connection to socket.io
User connected: uD2KRYkjGBQKbRmuAAAj
User user.one@ (21) already connected.
successful connection to socket.io
User connected: WoL-V-r_CHKpV7BgAAAl
User user.one@ (21) already connected.
successful connection to socket.io
User connected: T3KObkHjYSDlqkaFAAAn
User user.one@ (21) already connected.
successful connection to socket.io
User connected: 4obJeuAwY_fiF6JeAAAp
User user.one@ (21) already connected.
successful connection to socket.io
User connected: M0t9P8J03_fRvIpfAAAr
User user.one@ (21) already connected.
successful connection to socket.io
User connected: 2bNzfPpkCA1yt4l2AAAt
User user.one@ (21) already connected.
User disconnected: user.one@ (21)
[Socket.IO] Disconnected: ping timeout
successful connection to socket.io
User connected: nuFiI5uMaVmwwS3DAAAv
User connected: user.one@ (21)
User disconnected: user.one@ (21)
[Socket.IO] Disconnected: transport close
successful connection to socket.io
User connected: i3ZXuA_FHaL6D9BlAAAx
User connected: user.one@ (21)
successful connection to socket.io
User connected: oZ2rPpHt3juKpctqAAAz
User user.one@ (21) already connected.
successful connection to socket.io
User connected: lHNXaOsXsoG4WFK-AAA1
User user.one@ (21) already connected.
successful connection to socket.io
User connected: cRu6aFwcWRJCphrMAAA3
User user.one@ (21) already connected.
successful connection to socket.io
User connected: _s7eg1tP056bOVEvAAA5
User user.one@ (21) already connected.
successful connection to socket.io
User connected: QyzRyXD5tOsnAycUAAA7
User user.one@ (21) already connected.
successful connection to socket.io
User connected: 26_xx_gNqs8saVJYAAA9
User user.one@ (21) already connected.
User disconnected: user.one@ (21)
[Socket.IO] Disconnected: transport close
successful connection to socket.io
User connected: QNUGwbiORDya7aVzAABA
User connected: user.one@ (21)
successful connection to socket.io
User connected: zoLIn8OnxgAG7BKtAABB
User user.one@ (21) already connected.
successful connection to socket.io
User connected: ceYfEjTrItjsTvJzAABD
User user.one@ (21) already connected.
successful connection to socket.io
User connected: HWWrlXEwQO7OIcjZAABF
User user.one@ (21) already connected.
User disconnected: user.one@ (21)
[Socket.IO] Disconnected: ping timeout
successful connection to socket.io
User connected: ZiX5LExbazaXHrvTAABH
User connected: user.one@ (21)
User disconnected: user.one@ (21)
[Socket.IO] Disconnected: transport close
successful connection to socket.io
User connected: ZTm_ku3xA8lTYX72AABJ
User connected: user.one@ (21)
successful connection to socket.io
User connected: mlCTXyVNNZw4FR01AABL
User user.one@ (21) already connected.
successful connection to socket.io
User connected: iTsn1l7grYjzF2p2AABN
User user.one@ (21) already connected.
successful connection to socket.io
User connected: jHBiYh__sQQhopiTAABP
User user.one@ (21) already connected.
User disconnected: user.one@ (21)
[Socket.IO] Disconnected: transport close
successful connection to socket.io
User connected: bmbGoTKX8LEsDbrKAABR
User connected: user.one@ (21)
User disconnected: user.one@ (21)
[Socket.IO] Disconnected: transport close
successful connection to socket.io
User connected: pKBuEdRrrZ-NWWbQAABT
User connected: user.one@ (21)
User disconnected: user.one@ (21)
[Socket.IO] Disconnected: transport close
successful connection to socket.io
User connected: w1ZXkamzEEUpZZlBAABV
User connected: user.one@ (21)
User disconnected: user.one@ (21)
[Socket.IO] Disconnected: transport close
successful connection to socket.io
User connected: Qa7AKWaVjbBLK8B4AABX
User connected: user.one@ (21)
User disconnected: user.one@ (21)
[Socket.IO] Disconnected: transport close
successful connection to socket.io
User connected: U2wCvVcRMfbnGcbWAABZ
User connected: user.one@ (21)
User disconnected: user.one@ (21)
[Socket.IO] Disconnected: transport close
successful connection to socket.io
User connected: ULMGXCk1EXiTVgQGAABb
User connected: user.one@ (21)
User disconnected: user.one@ (21)
[Socket.IO] Disconnected: transport close
successful connection to socket.io
User connected: iPFaBSVtCLXtVdPbAABd
User connected: user.one@ (21)
User disconnected: user.one@ (21)
[Socket.IO] Disconnected: transport close
successful connection to socket.io
User connected: OK3rgVo7vXxjRPRaAABf
User connected: user.one@ (21)
User disconnected: user.one@ (21)
[Socket.IO] Disconnected: transport close
successful connection to socket.io
User connected: hENysRerP4FsVXk6AABh
User connected: user.one@ (21)
User disconnected: user.one@ (21)
[Socket.IO] Disconnected: transport close
successful connection to socket.io
User connected: 5vIgQGnz0kiFfsKdAABj
User connected: user.one@ (21)
successful connection to socket.io
User connected: oz3iOlRpzHCeiFO9AABl
User user.one@ (21) already connected.
User disconnected: user.one@ (21)
[Socket.IO] Disconnected: transport close
successful connection to socket.io
User connected: TL4Vk7bKgErRAr2JAABn
User connected: user.one@ (21)
successful connection to socket.io
User connected: F-DdCtkWYp5e7oVKAABp
User user.one@ (21) already connected.
successful connection to socket.io
User connected: h0Zh3ToQvL4zhsaDAABr
User user.one@ (21) already connected.
successful connection to socket.io
User connected: SjfK9qPzRuentNgJAABt
User user.one@ (21) already connected.
successful connection to socket.io
User connected: A4YMJIUfYXrvbaonAABv
User user.one@ (21) already connected.
User disconnected: user.one@ (21)
[Socket.IO] Disconnected: transport close
successful connection to socket.io
User connected: Bc8upOmapLcgNyCnAABx
User connected: user.one@ (21)
successful connection to socket.io
User connected: O6bfVdaOt7Kzb5JcAABz
User user.one@ (21) already connected.
User disconnected: user.one@ (21)
[Socket.IO] Disconnected: transport close
successful connection to socket.io
User connected: 63SFlIjzWGMaQO3oAAB1
User connected: user.one@ (21)
User disconnected: user.one@ (21)
[Socket.IO] Disconnected: transport close
successful connection to socket.io
User connected: OCd5EQcpu5wUt9IgAAB3
User connected: user.one@ (21)
User disconnected: user.one@ (21)
[Socket.IO] Disconnected: transport close
successful connection to socket.io
User connected: DiQ5PP7fGf3uOuoEAAB5
User connected: user.one@ (21)
successful connection to socket.io
User connected: qC5Au7Hhhmd28Y1JAAB7
User user.one@ (21) already connected.
successful connection to socket.io
User connected: lCa2yxIs1Bnn8m9EAAB9
User user.one@ (21) already connected.
successful connection to socket.io
User connected: R1pnOWKbtkKUB9HuAAB_
User user.one@ (21) already connected.
User disconnected: user.one@ (21)
[Socket.IO] Disconnected: ping timeout
successful connection to socket.io
User connected: Gb0EnZp2yNGBAFWfAACB
User connected: user.one@ (21)
User disconnected: user.one@ (21)
[Socket.IO] Disconnected: transport close
successful connection to socket.io
User connected: _0iVTCNI0YOiQxgNAACD
User connected: user.one@ (21)
successful connection to socket.io
User connected: kRoEo01IuF2hnB0sAACF
User user.one@ (21) already connected.
User disconnected: user.one@ (21)
[Socket.IO] Disconnected: transport close
successful connection to socket.io
User connected: QTr4xCSMh2nX6S-jAACH
User connected: user.one@ (21)
User disconnected: user.one@ (21)
[Socket.IO] Disconnected: transport close
successful connection to socket.io
User connected: bP0uEK1NAlW-PA4hAACJ
User connected: user.one@ (21)
successful connection to socket.io
User connected: CL2LMA1FoPKXbmTTAACL
User user.one@ (21) already connected.
successful connection to socket.io
User connected: KAZN2VL88B8e_ev4AACN
User user.one@ (21) already connected.
successful connection to socket.io
User connected: VuG5hHlfsVM2mRpsAACP
User user.one@ (21) already connected.
User disconnected: user.one@ (21)
[Socket.IO] Disconnected: transport close
successful connection to socket.io
User connected: lkVg95ZtBa8BC3W1AACR
User connected: user.one@ (21)
User disconnected: user.one@ (21)
[Socket.IO] Disconnected: transport close
successful connection to socket.io
User connected: qv248WtTIHBoQL-NAACT
User connected: user.one@ (21)
successful connection to socket.io
User connected: g7TdCo9KEoAXYasBAACV
User user.one@ (21) already connected.
successful connection to socket.io
User connected: HJg-8B1vJY_YlbYrAACX
User user.one@ (21) already connected.
successful connection to socket.io
User connected: aqM6DsmQ3bKhBgSGAACZ
User user.one@ (21) already connected.
successful connection to socket.io
User connected: jkjw0HI_F_W8ANLpAACb
User user.one@ (21) already connected.
User disconnected: user.one@ (21)
[Socket.IO] Disconnected: transport close
successful connection to socket.io
User connected: aTXZa0Ge6Hy6sxalAACd
User connected: user.one@ (21)
successful connection to socket.io
User connected: heep12tRPQxWPYXnAACf
User user.one@ (21) already connected.
User disconnected: user.one@ (21)
[Socket.IO] Disconnected: transport close
successful connection to socket.io
User connected: 2sVH4ZqR_fQpz-GxAACh
User connected: user.one@ (21)
User disconnected: user.one@ (21)
[Socket.IO] Disconnected: transport close
successful connection to socket.io
User connected: Ie1EtFbPovknw3skAACj
User connected: user.one@ (21)
User disconnected: user.one@ (21)
[Socket.IO] Disconnected: transport close
successful connection to socket.io
User connected: jgiOqGXqD06FoxiRAAD9
User connected: user.one@ (21)
User disconnected: user.one@ (21)
[Socket.IO] Disconnected: transport close
successful connection to socket.io
User connected: OHShv25RfLD96HU_AAD_
User connected: user.one@ (21)
successful connection to socket.io
User connected: jLkKDvVjic01xxDUAAEB
User user.one@ (21) already connected.
successful connection to socket.io
User connected: aJC-ec6_yVmv_8uPAAED
User user.one@ (21) already connected.
successful connection to socket.io
User connected: 6UYwqQGXyw53dbMsAAEF
User user.one@ (21) already connected.
User disconnected: user.one@ (21)
[Socket.IO] Disconnected: transport close
successful connection to socket.io
User connected: RGclbf1HsRDAXmnKAAEH
User connected: user.one@ (21)
User disconnected: user.one@ (21)
[Socket.IO] Disconnected: transport close
successful connection to socket.io
User connected: fZf-cycgwSS3yNJRAAEJ
User connected: user.one@ (21)
User disconnected: user.one@ (21)
[Socket.IO] Disconnected: transport close
successful connection to socket.io
User connected: A9SFSZyd1F6XnHdwAAEL
User connected: user.one@ (21)
successful connection to socket.io
User connected: GTKofbeiBQrIGneeAAEN
User user.one@ (21) already connected.
User disconnected: user.one@ (21)
[Socket.IO] Disconnected: transport close
successful connection to socket.io
User connected: gkoWSU38_Ty2aTUhAAEQ
User connected: user.one@ (21)
successful connection to socket.io
User connected: UGRCaU1F86RnpqUGAAER
User user.one@ (21) already connected.
successful connection to socket.io
User connected: IrapBStO5wQtciEZAAET
User user.one@ (21) already connected.
User disconnected: user.one@ (21)
[Socket.IO] Disconnected: transport close
successful connection to socket.io
User connected: NPNgK9JsobbY7FchAAEV
User connected: user.one@ (21)
successful connection to socket.io
User connected: d_-uwBQ_OrEaVft8AAEX
User user.one@ (21) already connected.
User disconnected: user.one@ (21)
[Socket.IO] Disconnected: transport close
successful connection to socket.io
User connected: K2rx5I3pX5f3XEGJAAEZ
User connected: user.one@ (21)
User disconnected: user.one@ (21)
[Socket.IO] Disconnected: transport close
successful connection to socket.io
User connected: xZdBaJabDnun_hpIAAEb
User connected: user.one@ (21)
successful connection to socket.io
User connected: i7VaAEHbXz4wNyFTAAEd
User user.one@ (21) already connected.
User disconnected: user.one@ (21)
[Socket.IO] Disconnected: transport close
successful connection to socket.io
User connected: 52nHUUdWVGK1WmaKAAEf
User connected: user.one@ (21)
User disconnected: user.one@ (21)
[Socket.IO] Disconnected: transport close
successful connection to socket.io
User connected: 3fbvXUV3P8EbyQpRAAEh
User connected: user.one@ (21)
User disconnected: user.one@ (21)
[Socket.IO] Disconnected: transport close
successful connection to socket.io
User connected: 4qVpwvkZ9jn2T55OAAEj
User connected: user.one@ (21)
User disconnected: user.one@ (21)
[Socket.IO] Disconnected: transport close
successful connection to socket.io
User connected: oIVQDGmd7171YdtOAAEl
User connected: user.one@ (21)
User disconnected: user.one@ (21)
[Socket.IO] Disconnected: transport close
successful connection to socket.io
User connected: of9IfX8bFJtZMMgQAAEn
User connected: user.one@ (21)
User disconnected: user.one@ (21)
[Socket.IO] Disconnected: ping timeout
successful connection to socket.io
User connected: ZX3Ful6dbzcB6YrbAAEp
User connected: user.one@ (21)
successful connection to socket.io
User connected: 9eHRksc0PDft_mpaAAEr
User user.one@ (21) already connected.
User disconnected: user.one@ (21)
[Socket.IO] Disconnected: transport close
successful connection to socket.io
User connected: OTiI8lpI7tFtxuuHAAEu
User connected: user.one@ (21)
successful connection to socket.io
User connected: wuhi_HfkqTPirSu6AAEv
User user.one@ (21) already connected.
User disconnected: user.one@ (21)
[Socket.IO] Disconnected: ping timeout
successful connection to socket.io
User connected: t-1P5kxQ9iHaTdTIAAEx
User connected: user.one@ (21)
successful connection to socket.io
User connected: 1D0Z_4KZmHjzknZQAAEz
User user.one@ (21) already connected.
successful connection to socket.io
User connected: fNENXNaoKqlIFyujAAE1
User user.one@ (21) already connected.
User disconnected: user.one@ (21)
[Socket.IO] Disconnected: transport close
successful connection to socket.io
User connected: 5pr7H2lvKIVdJWqCAAE3
User connected: user.one@ (21)
successful connection to socket.io
User connected: 403e2BpR1nZPsyX8AAE5
User user.one@ (21) already connected.
successful connection to socket.io
User connected: mbkYfdpFqQnEoF-JAAE7
User user.one@ (21) already connected.
User disconnected: user.one@ (21)
[Socket.IO] Disconnected: transport close
successful connection to socket.io
User connected: 1sR3eIfjAysVxK7mAAE9
User connected: user.one@ (21)
User disconnected: user.one@ (21)
[Socket.IO] Disconnected: transport close
successful connection to socket.io
User connected: nrPhDqKvY07HfpqMAAE_
User connected: user.one@ (21)
User disconnected: user.one@ (21)
[Socket.IO] Disconnected: transport close
successful connection to socket.io
User connected: 9d5IrudZv298JBmaAAFB
User connected: user.one@ (21)
User disconnected: user.one@ (21)
[Socket.IO] Disconnected: transport close
successful connection to socket.io
User connected: AdvxuaJg0qRpYIw3AAFD
User connected: user.one@ (21)
User disconnected: user.one@ (21)
[Socket.IO] Disconnected: transport close
successful connection to socket.io
User connected: rc3HSA1wvE31J4CfAAFF
User connected: user.one@ (21)
User disconnected: user.one@ (21)
[Socket.IO] Disconnected: transport close
successful connection to socket.io
User connected: YJz0E3gLf6WqQuzuAAFH
User connected: user.one@ (21)
User disconnected: user.one@ (21)
[Socket.IO] Disconnected: transport close
successful connection to socket.io
User connected: 75BrsPXuRf0a1fiNAAFJ
User connected: user.one@ (21)
User disconnected: user.one@ (21)
[Socket.IO] Disconnected: transport close
successful connection to socket.io
User connected: QompNID9IbZZDZ_NAAFL
User connected: user.one@ (21)
successful connection to socket.io
User connected: FTHI9p69cFUF1wWuAAFN
User user.one@ (21) already connected.
User disconnected: user.one@ (21)
[Socket.IO] Disconnected: transport close
successful connection to socket.io
User connected: 86jmCXse8LKMm0c8AAFP
User connected: user.one@ (21)
successful connection to socket.io
User connected: AyHAAoL_Oe0qvDGXAAFR
User user.one@ (21) already connected.
successful connection to socket.io
User connected: IdxXqcrlzbimsKcVAAFT
User user.one@ (21) already connected.
User disconnected: user.one@ (21)
[Socket.IO] Disconnected: transport close
successful connection to socket.io
User connected: qTnc0tM9AvOW1d5iAAFV
User connected: user.one@ (21)
successful connection to socket.io
User connected: LQf7K6Y1IKn_9CyZAAFX
User user.one@ (21) already connected.
User disconnected: user.one@ (21)
[Socket.IO] Disconnected: transport close
successful connection to socket.io
User connected: fibHTQchYaWLJ_GcAAFZ
User connected: user.one@ (21)
User disconnected: user.one@ (21)
[Socket.IO] Disconnected: transport close
successful connection to socket.io
User connected: Z4_WYR0UwYmT60FzAAFb
User connected: user.one@ (21)
User disconnected: user.one@ (21)
[Socket.IO] Disconnected: transport close
successful connection to socket.io
User connected: ThR5eUMSm65fnkPFAAFd
User connected: user.one@ (21)
User disconnected: user.one@ (21)
[Socket.IO] Disconnected: transport close
successful connection to socket.io
User connected: em0FMdkNi3IR1EiXAAFf
User connected: user.one@ (21)
User disconnected: user.one@ (21)
[Socket.IO] Disconnected: transport close
successful connection to socket.io
User connected: T6cyFd5z3JD_FdYhAAFh
User connected: user.one@ (21)
User disconnected: user.one@ (21)
[Socket.IO] Disconnected: transport close
successful connection to socket.io
User connected: klWZCtP_ch3EKjmCAAFj
User connected: user.one@ (21)
successful connection to socket.io
User connected: Ryy6zG4_-M52fxpXAAFl
User user.one@ (21) already connected.
User disconnected: user.one@ (21)
[Socket.IO] Disconnected: transport close
successful connection to socket.io
User connected: k5ivCmzEGM2JeuTBAAFn
User connected: user.one@ (21)
User disconnected: user.one@ (21)
[Socket.IO] Disconnected: transport close
successful connection to socket.io
User connected: DHR7jXKESFEHzdwDAAFp
User connected: user.one@ (21)
User disconnected: user.one@ (21)
[Socket.IO] Disconnected: transport close
successful connection to socket.io
User connected: s3l7os3DMeMd5WZrAAFr
User connected: user.one@ (21)
User disconnected: user.one@ (21)
[Socket.IO] Disconnected: transport close
successful connection to socket.io
User connected: OBKr2RZ0E-wLg1sDAAFt
User connected: user.one@ (21)
User disconnected: user.one@ (21)
[Socket.IO] Disconnected: transport close
successful connection to socket.io
User connected: 78vR1fEdalNRQUA0AAFv
User connected: user.one@ (21)
User disconnected: user.one@ (21)
[Socket.IO] Disconnected: transport close
successful connection to socket.io
User connected: _7MbdmflW96nzQ3iAAFx
User connected: user.one@ (21)
User disconnected: user.one@ (21)
[Socket.IO] Disconnected: transport close
successful connection to socket.io
User connected: s54G6xGcLqSh2daoAAFz
User connected: user.one@ (21)
User disconnected: user.one@ (21)
[Socket.IO] Disconnected: transport close
successful connection to socket.io
User connected: hRTAtNj0HxTdRoV6AAF1
User connected: user.one@ (21)
User disconnected: user.one@ (21)
[Socket.IO] Disconnected: transport close
successful connection to socket.io
User connected: PhS5irRLIAIG34WQAAF3
User connected: user.one@ (21)
successful connection to socket.io
User connected: pgJP3Nt18BZVZWqjAAF5
User user.one@ (21) already connected.
User disconnected: user.one@ (21)
[Socket.IO] Disconnected: transport close
successful connection to socket.io
User connected: SINJ71oB-Te6bdNOAAF7
User connected: user.one@ (21)
User disconnected: user.one@ (21)
[Socket.IO] Disconnected: transport close
successful connection to socket.io
User connected: Kf2AZAKSNYy3sVYVAAF9
User connected: user.one@ (21)
successful connection to socket.io
User connected: edSeyvLd_Zv2XG2RAAF_
User user.one@ (21) already connected.
User disconnected: user.one@ (21)
[Socket.IO] Disconnected: transport close
successful connection to socket.io
User connected: R4hBJAE-7JXZfWftAAGB
User connected: user.one@ (21)
User disconnected: user.one@ (21)
[Socket.IO] Disconnected: transport close
successful connection to socket.io
User connected: XHLNEqLJAlbyUIRPAAGD
User connected: user.one@ (21)
successful connection to socket.io
User connected: QVEV1bMhz20bgJDSAAGF
User user.one@ (21) already connected.
User disconnected: user.one@ (21)
[Socket.IO] Disconnected: transport close
successful connection to socket.io
User connected: Op3rca81Lr8ti_C7AAGH
User connected: user.one@ (21)
User disconnected: user.one@ (21)
[Socket.IO] Disconnected: transport close
successful connection to socket.io
User connected: dSYK9I_NoOOes2stAAGJ
User connected: user.one@ (21)
User disconnected: user.one@ (21)
[Socket.IO] Disconnected: transport close
successful connection to socket.io
User connected: i4LmtnvP9K7w-rtIAAGL
User connected: user.one@ (21)
User disconnected: user.one@ (21)
[Socket.IO] Disconnected: transport close
successful connection to socket.io
User connected: zQ7x7KfY83Z62N2XAAGN
User connected: user.one@ (21)
successful connection to socket.io
User connected: ETsNidfcrjmNEsO8AAGP
User user.one@ (21) already connected.
User disconnected: user.one@ (21)
[Socket.IO] Disconnected: transport close
successful connection to socket.io
User connected: sTZEaErxtxXkxyKEAAGR
User connected: user.one@ (21)
User disconnected: user.one@ (21)
[Socket.IO] Disconnected: transport close
successful connection to socket.io
User connected: 7fseockm8HgJM8KLAAGT
User connected: user.one@ (21)
User disconnected: user.one@ (21)
[Socket.IO] Disconnected: transport close
successful connection to socket.io
User connected: SJo6NHMnzdfW0FtJAAGV
User connected: user.one@ (21)
successful connection to socket.io
User connected: el2QWSUGuPGgFpL4AAGX
User user.one@ (21) already connected.
successful connection to socket.io
User connected: P8ZBdQICVIFLAS4YAAGZ
User user.one@ (21) already connected.
User disconnected: user.one@ (21)
[Socket.IO] Disconnected: transport close
successful connection to socket.io
User connected: _mQfyFBQ_l_XX6FIAAGb
User connected: user.one@ (21)
User disconnected: user.one@ (21)
[Socket.IO] Disconnected: transport close
successful connection to socket.io
User connected: j02vRVNucSjYV9arAAGd
User connected: user.one@ (21)
User disconnected: user.one@ (21)
[Socket.IO] Disconnected: transport close
successful connection to socket.io
User connected: EjsJuj4XRBkPsWqoAAGf
User connected: user.one@ (21)
User disconnected: user.one@ (21)
[Socket.IO] Disconnected: transport close
successful connection to socket.io
User connected: 7TP0LBVEzwY1MKS5AAGh
User connected: user.one@ (21)
successful connection to socket.io
User connected: HN5wbFll0angBEnAAAGj
User user.one@ (21) already connected.
successful connection to socket.io
User connected: rlruRvdE737i2n6DAAGl
User user.one@ (21) already connected.
successful connection to socket.io
User connected: _tkmdgNWtZ31n8mxAAGn
User user.one@ (21) already connected.
successful connection to socket.io
User connected: q9xpnXJ41kMKgADbAAGp
User user.one@ (21) already connected.
successful connection to socket.io
User connected: i7907uN3qT0la6bGAAGr
User user.one@ (21) already connected.
successful connection to socket.io
User connected: WLs13uZiOT9J55QDAAGt
User user.one@ (21) already connected.
successful connection to socket.io
User connected: wZGzlrgQK-PvaTTdAAGv
User user.one@ (21) already connected.
successful connection to socket.io
User connected: GR3G90idcH8oibbGAAGx
User user.one@ (21) already connected.
successful connection to socket.io
User connected: bFmn8lz1WjRQovJeAAGz
User user.one@ (21) already connected.
User disconnected: user.one@ (21)
[Socket.IO] Disconnected: ping timeout
successful connection to socket.io
User connected: mLCEwy782nVWvSKpAAG1
User connected: user.one@ (21)
successful connection to socket.io
User connected: hpYS553ESMgKWcpcAAG3
User user.one@ (21) already connected.
successful connection to socket.io
User connected: AzoM1gIV_7S37HjkAAG5
User user.one@ (21) already connected.
successful connection to socket.io
User connected: Q1ePchgHCzL5QfMoAAG7
User user.one@ (21) already connected.
successful connection to socket.io
User connected: M4_9FFviWgHLlch9AAG9
User user.one@ (21) already connected.
User disconnected: user.one@ (21)
[Socket.IO] Disconnected: transport close
successful connection to socket.io
User connected: EvyTcNtdOKMbBebiAAG_
User connected: user.one@ (21)
successful connection to socket.io
User connected: JHuc9cdJ-Oy-981dAAHB
User user.one@ (21) already connected.
User disconnected: user.one@ (21)
[Socket.IO] Disconnected: transport close
successful connection to socket.io
User connected: z1MCsPGGD9Y9WdaVAAHD
User connected: user.one@ (21)
successful connection to socket.io
User connected: -xx-gbTGvcWa1B2RAAHF
User user.one@ (21) already connected.
successful connection to socket.io
User connected: TYO9griTlVdjrFDmAAHH
User user.one@ (21) already connected.
successful connection to socket.io
User connected: vl20YoCrcT83xGjgAAAB
User connected: user.one@ (21)
User disconnected: user.one@ (21)
[Socket.IO] Disconnected: transport close
successful connection to socket.io
User connected: yiVD_GxW5UQB6oqMAAAD
User connected: user.one@ (21)
successful connection to socket.io
User connected: POtxr8AAU9iU9McwAAAF
User user.one@ (21) already connected.
User disconnected: user.one@ (21)
[Socket.IO] Disconnected: ping timeout
successful connection to socket.io
User connected: -MWnPl5IRqRivQJQAAAH
User connected: user.one@ (21)
successful connection to socket.io
User connected: Ai9EIHA7wHzedjPTAAAJ
User user.one@ (21) already connected.
successful connection to socket.io
User connected: 8goPlB1IdVzTEJ3uAAAL
User user.one@ (21) already connected.
successful connection to socket.io
User connected: 2dMJAla6qVtmCqNfAAAN
User user.one@ (21) already connected.
successful connection to socket.io
User connected: g9RbgDwDBGOev1roAAAP
User user.one@ (21) already connected.
successful connection to socket.io
User connected: x6ELha-eDyCuOkVWAAAR
User user.one@ (21) already connected.
successful connection to socket.io
User connected: 9ghdvnjxvkBRCwMcAAAT
User user.one@ (21) already connected.
successful connection to socket.io
User connected: 4JVGOc4Vp-CllRenAAAV
User user.one@ (21) already connected.
User disconnected: user.one@ (21)
[Socket.IO] Disconnected: transport close
successful connection to socket.io
User connected: GSbK6q-IFkXl2KwFAAAX
User connected: user.one@ (21)
successful connection to socket.io
User connected: bcU8yU9go7iDP22bAAAZ
User user.one@ (21) already connected.
User disconnected: user.one@ (21)
[Socket.IO] Disconnected: transport close
successful connection to socket.io
User connected: 4qL32sk3o_QYTZ5aAAAb
User connected: user.one@ (21)
User disconnected: user.one@ (21)
[Socket.IO] Disconnected: transport close
successful connection to socket.io
User connected: AHwXS2Ypw6S4D0P_AAAd
User connected: user.one@ (21)
User disconnected: user.one@ (21)
[Socket.IO] Disconnected: transport close
successful connection to socket.io
User connected: E0DHw9IhgVDF1AVXAAAf
User connected: user.one@ (21)
successful connection to socket.io
successful connection to socket.io
User connected: Mug_LKTBM1bBrNv5AAAD
User connected: user.one@ (21)
User disconnected: user.one@ (21)
[Socket.IO] Disconnected: transport close
successful connection to socket.io
User connected: 5Y_ppDSUUmIpCKrgAAAF
User connected: user.one@ (21)
User disconnected: user.one@ (21)
[Socket.IO] Disconnected: ping timeout
successful connection to socket.io
User connected: 7HR9IoYmUNf1V-pHAAAH
User connected: user.one@ (21)
successful connection to socket.io
User connected: 7xhQ6-COpUlT3LQMAAAJ
User user.one@ (21) already connected.
successful connection to socket.io
User connected: 7dtdukxbxXW9lyhEAAAB
User connected: user.one@ (21)
User disconnected: user.one@ (21)
[Socket.IO] Disconnected: ping timeout
successful connection to socket.io
User connected: VhDhypRodDRL3HbjAAAD
User connected: user.one@ (21)
User disconnected: user.one@ (21)
[Socket.IO] Disconnected: transport close
successful connection to socket.io
User connected: f1QA5aUrQveQN-RvAAAF
User connected: user.one@ (21)
successful connection to socket.io
User connected: ebzOcfBuIz1EAdrRAAAH
User user.one@ (21) already connected.
User disconnected: user.one@ (21)
[Socket.IO] Disconnected: transport close
successful connection to socket.io
User connected: SMERRKIpwDBG90R_AAAJ
User connected: user.one@ (21)
successful connection to socket.io
User connected: xkwqSGGPS4ev0vVUAAAL
User user.one@ (21) already connected.
User disconnected: user.one@ (21)
[Socket.IO] Disconnected: ping timeout
successful connection to socket.io
User connected: f72zDA3pK0o22A6TAAAN
User connected: user.one@ (21)
User disconnected: user.one@ (21)
[Socket.IO] Disconnected: ping timeout
successful connection to socket.io
User connected: j02azmRjW2x-Ds1eAAAP
User connected: user.one@ (21)
successful connection to socket.io
User connected: com7-RxbVK-zUDKGAAAR
User user.one@ (21) already connected.
successful connection to socket.io
User connected: GEr5zO2O3_G5AahnAAAT
User user.one@ (21) already connected.
User disconnected: user.one@ (21)
[Socket.IO] Disconnected: transport close
successful connection to socket.io
User connected: aE1U7UuyLCsBNqbRAAAV
User connected: user.one@ (21)
User disconnected: user.one@ (21)
[Socket.IO] Disconnected: transport close
successful connection to socket.io
User connected: pmrNE1G5Jq62JjLqAAAX
User connected: user.one@ (21)
User disconnected: user.one@ (21)
[Socket.IO] Disconnected: transport close
successful connection to socket.io
User connected: ZXNUBQudnUZ1brZ-AAAZ
User connected: user.one@ (21)
User disconnected: user.one@ (21)
[Socket.IO] Disconnected: ping timeout
successful connection to socket.io
User connected: Jw94DQqQAWVR95uTAAAb
User connected: user.one@ (21)
User disconnected: user.one@ (21)
[Socket.IO] Disconnected: ping timeout
successful connection to socket.io
User connected: xf2FdDRKLi_bHlzvAAAd
User connected: user.one@ (21)
User disconnected: user.one@ (21)
[Socket.IO] Disconnected: ping timeout
successful connection to socket.io
User connected: tx51INz7DcCe20UZAAAf
User connected: user.one@ (21)
User disconnected: user.one@ (21)
[Socket.IO] Disconnected: ping timeout
successful connection to socket.io
User connected: 2g2aaKJ3oKxgPjLMAAAh
User connected: user.one@ (21)
successful connection to socket.io
User connected: TGc8z8EJtCkcJgUMAAAB
User connected: user.one@ (21)
successful connection to socket.io
User connected: EBUhpaUMkSJjl-QeAAAD
User user.one@ (21) already connected.
successful connection to socket.io
User connected: mLVas683Ggnm7P2PAAAF
User user.one@ (21) already connected.
successful connection to socket.io
User connected: qJ8JCp50x3aKyXboAAAH
User user.one@ (21) already connected.
User disconnected: user.one@ (21)
[Socket.IO] Disconnected: transport close
successful connection to socket.io
User connected: 8UUfo8Rqa_vZDkAyAAAJ
User connected: user.one@ (21)
User disconnected: user.one@ (21)
[Socket.IO] Disconnected: ping timeout
successful connection to socket.io
User connected: 3DCAhuccGU9sgwNWAAAL
User connected: user.one@ (21)
successful connection to socket.io
User connected: EYZaZGUJqHX15JL0AAAN
User user.one@ (21) already connected.
User disconnected: user.one@ (21)
[Socket.IO] Disconnected: ping timeout
successful connection to socket.io
User connected: up6fGlRRALu1lyZxAAAP
User connected: user.one@ (21)
User disconnected: user.one@ (21)
[Socket.IO] Disconnected: transport close
successful connection to socket.io
User connected: ocrtSQAgdXcaHToTAAAR
User connected: user.one@ (21)
User disconnected: user.one@ (21)
[Socket.IO] Disconnected: ping timeout
successful connection to socket.io
User connected: np5VPHPsH8Bvlf91AAAT
User connected: user.one@ (21)
User disconnected: user.one@ (21)
[Socket.IO] Disconnected: ping timeout
successful connection to socket.io
User connected: PEQQYvhQwPtPiMWRAAAV
User connected: user.one@ (21)
User disconnected: user.one@ (21)
[Socket.IO] Disconnected: transport close
successful connection to socket.io
User connected: lpqhEDFzdiFvAKjwAAAX
User connected: user.one@ (21)
User disconnected: user.one@ (21)
[Socket.IO] Disconnected: ping timeout
successful connection to socket.io
User connected: 63OG_XY8GsdBHgzAAAAZ
User connected: user.one@ (21)
User disconnected: user.one@ (21)
[Socket.IO] Disconnected: ping timeout
successful connection to socket.io
User connected: Mqbcqb2aqIQ2t608AAAb
User connected: user.one@ (21)
User disconnected: user.one@ (21)
[Socket.IO] Disconnected: ping timeout
successful connection to socket.io
User connected: I71eLcInGRQ9fi9oAAAd
User connected: user.one@ (21)
successful connection to socket.io
User connected: m0ksKI9Jj5CGPJx6AAAf
User user.one@ (21) already connected.
successful connection to socket.io
User connected: gdjzQBvJGMA2q3-oAAAh
User user.one@ (21) already connected.
successful connection to socket.io
User connected: 2oOWrQT7Np-46uk9AAAj
User user.one@ (21) already connected.
successful connection to socket.io
User connected: oIO68rj04Ppun8bRAAAl
User user.one@ (21) already connected.
successful connection to socket.io
User connected: x6pwOtzkkGUqH0WgAAAn
User user.one@ (21) already connected.
successful connection to socket.io
User connected: Otwn2aPqWe2jHhO1AAAp
User user.one@ (21) already connected.
successful connection to socket.io
User connected: MUIsl-pjFCwvQ65cAAAr
User user.one@ (21) already connected.
successful connection to socket.io
User connected: TXepGfVIgAra2aC_AAAt
User user.one@ (21) already connected.
successful connection to socket.io
User connected: jyw-dMCPWBwk-CFJAAAv
User connected: user.ten@ (22)
User disconnected: user.ten@ (22)
[Socket.IO] Disconnected: transport close
successful connection to socket.io
User connected: 7cfm37vRJXpgOprgAAAx
User connected: user.ten@ (22)
User disconnected: user.one@ (21)
[Socket.IO] Disconnected: transport close
User disconnected: user.ten@ (22)
[Socket.IO] Disconnected: transport error
successful connection to socket.io
User connected: _kTfABviqu0jvi5HAAA0
User connected: user.ten@ (22)
successful connection to socket.io
User connected: qBeKpX0d8xTcBW8bAAA1
User user.ten@ (22) already connected.
User disconnected: user.ten@ (22)
[Socket.IO] Disconnected: transport close
successful connection to socket.io
User connected: H7EkwwXItt7hNG9VAAA3
User connected: user.ten@ (22)
successful connection to socket.io
User connected: 33CnDvjVnXoMKQ6zAAA5
User user.ten@ (22) already connected.
successful connection to socket.io
User connected: TXECp9q_35iJn3b6AAA7
User user.ten@ (22) already connected.
successful connection to socket.io
User connected: _brE5ofLS3itSIcbAAA9
User user.ten@ (22) already connected.
successful connection to socket.io
User connected: 7f1hNMvYoK6qxa8yAAA_
User user.ten@ (22) already connected.
successful connection to socket.io
User connected: yd2pf-011csuXKxxAABB
User user.ten@ (22) already connected.
successful connection to socket.io
User connected: CRB4v7nkvbyRzPknAABD
User user.ten@ (22) already connected.
successful connection to socket.io
User connected: liAFUGRoUdhDmlOqAABF
User user.ten@ (22) already connected.
successful connection to socket.io
User connected: YBg23zvf1_MbUG24AABH
User user.ten@ (22) already connected.
User disconnected: user.ten@ (22)
[Socket.IO] Disconnected: transport close
successful connection to socket.io
User connected: orMg3_uOZgMb4lJuAABJ
User connected: user.ten@ (22)
successful connection to socket.io
User connected: vqqHI-15l8Xv_DjsAABL
User user.ten@ (22) already connected.
successful connection to socket.io
User connected: ChGeEreAFBOMK_ZKAABN
User user.ten@ (22) already connected.
User disconnected: user.ten@ (22)
[Socket.IO] Disconnected: ping timeout
successful connection to socket.io
User connected: OOTro5kyyG40Gu1kAABQ
User connected: user.ten@ (22)
successful connection to socket.io
User connected: xIU4xMi4vHdWe4VjAABR
User user.ten@ (22) already connected.
successful connection to socket.io
User connected: vmymJQP43kpcxp7KAABT
User user.ten@ (22) already connected.
User disconnected: user.ten@ (22)
[Socket.IO] Disconnected: transport close
successful connection to socket.io
User connected: 2M8ZBjdGLUZGy4cqAABV
User connected: user.ten@ (22)
successful connection to socket.io
User connected: GIl2PBp0DjQVJkBuAABX
User user.ten@ (22) already connected.
User disconnected: user.ten@ (22)
[Socket.IO] Disconnected: transport close
successful connection to socket.io
User connected: 9HsFWTkmldwqvX0aAABZ
User connected: user.ten@ (22)
User disconnected: user.ten@ (22)
[Socket.IO] Disconnected: transport close
successful connection to socket.io
User connected: 7txQVGAIwFTKc35nAABb
User connected: user.ten@ (22)
successful connection to socket.io
User connected: 0p5eIW0_I3AKqcXXAABd
User user.ten@ (22) already connected.
User disconnected: user.ten@ (22)
[Socket.IO] Disconnected: transport close
successful connection to socket.io
User connected: mWADvHRXWCZvWPfUAABf
User connected: user.ten@ (22)
User disconnected: user.ten@ (22)
[Socket.IO] Disconnected: transport close
successful connection to socket.io
User connected: ck3JV2RZGcbxwH-nAABh
User connected: user.ten@ (22)
User disconnected: user.ten@ (22)
[Socket.IO] Disconnected: transport close
successful connection to socket.io
User connected: VTBcAwYr-CkaEZc-AABj
User connected: user.ten@ (22)
successful connection to socket.io
User connected: Ah7TTGuGqObNGUkzAABl
User user.ten@ (22) already connected.
User disconnected: user.ten@ (22)
[Socket.IO] Disconnected: transport close
successful connection to socket.io
User connected: g7F7LxMMAZd5SW6SAABn
User connected: user.ten@ (22)
User disconnected: user.ten@ (22)
[Socket.IO] Disconnected: transport close
successful connection to socket.io
User connected: AhMB7tNShcvxxjwaAABp
User connected: user.ten@ (22)
successful connection to socket.io
User connected: 8iS9kn0Wftzjp_MTAABr
User user.ten@ (22) already connected.
User disconnected: user.ten@ (22)
[Socket.IO] Disconnected: transport close
successful connection to socket.io
User connected: GUxTJuSyPmTb-TmzAABt
User connected: user.ten@ (22)
User disconnected: user.ten@ (22)
[Socket.IO] Disconnected: transport close
successful connection to socket.io
User connected: HCZjhxjsDXy8b5DMAABv
User connected: user.ten@ (22)
User disconnected: user.ten@ (22)
[Socket.IO] Disconnected: transport close
successful connection to socket.io
User connected: dFcIAaRwgJd3MY27AABy
User connected: user.ten@ (22)
successful connection to socket.io
User connected: xANlDmTm5LBNYJLGAABz
User user.ten@ (22) already connected.
successful connection to socket.io
User connected: Pr2SGYohqoVJSO3AAAB1
User user.ten@ (22) already connected.
successful connection to socket.io
User connected: VockL7UgzT3jxc08AAB3
User user.ten@ (22) already connected.
User disconnected: user.ten@ (22)
[Socket.IO] Disconnected: transport close
successful connection to socket.io
User connected: QVqQPL-joR422jLbAAB5
User connected: user.ten@ (22)
User disconnected: user.ten@ (22)
[Socket.IO] Disconnected: transport close
successful connection to socket.io
User connected: nI-DZSHATF65dXx1AAB7
User connected: user.ten@ (22)
User disconnected: user.ten@ (22)
[Socket.IO] Disconnected: transport close
successful connection to socket.io
User connected: llbs3mdUVC5TFJ8qAAB9
User connected: user.ten@ (22)
User disconnected: user.ten@ (22)
[Socket.IO] Disconnected: transport close
successful connection to socket.io
User connected: R_up43VaIT9RO7_jAAB_
User connected: user.ten@ (22)
successful connection to socket.io
User connected: lQ55H-GCawnHcyN7AACB
User user.ten@ (22) already connected.
User disconnected: user.ten@ (22)
[Socket.IO] Disconnected: transport close
successful connection to socket.io
User connected: p8hfKSh3Lu9LCA2JAACD
User connected: user.ten@ (22)
User disconnected: user.ten@ (22)
[Socket.IO] Disconnected: transport close
successful connection to socket.io
User connected: u6L6ZPBKDWj-Vnt3AACF
User connected: user.ten@ (22)
successful connection to socket.io
User connected: CTYbEUR4qrfut0ICAACH
User user.ten@ (22) already connected.
User disconnected: user.ten@ (22)
[Socket.IO] Disconnected: transport close
successful connection to socket.io
User connected: NU8MvA96N9-OIs_TAACJ
User connected: user.ten@ (22)
User disconnected: user.ten@ (22)
[Socket.IO] Disconnected: transport close
successful connection to socket.io
User connected: hLEfI0qn5ZA19cIUAACL
User connected: user.ten@ (22)
successful connection to socket.io
User connected: HYritxmvVc0_RNzGAACN
User user.ten@ (22) already connected.
User disconnected: user.ten@ (22)
[Socket.IO] Disconnected: transport close
successful connection to socket.io
User connected: tfeDkVyJu8xQNh5SAACP
User connected: user.ten@ (22)
User disconnected: user.ten@ (22)
[Socket.IO] Disconnected: transport close
successful connection to socket.io
User connected: 0GKvctbkK4dE-DnNAACR
User connected: user.ten@ (22)
User disconnected: user.ten@ (22)
[Socket.IO] Disconnected: transport close
successful connection to socket.io
User connected: I5cd1D8DxrPl70QyAACV
User connected: user.ten@ (22)
successful connection to socket.io
User connected: GWh1u9f8G7WjlqNbAACW
User user.ten@ (22) already connected.
successful connection to socket.io
User connected: P9bGZZJToV-C3SqjAACX
User user.ten@ (22) already connected.
successful connection to socket.io
User connected: BMxS5c5szzCTGZWdAACZ
User user.ten@ (22) already connected.
successful connection to socket.io
User connected: BQ4iKYM-1Ks9O5ESAACb
User user.ten@ (22) already connected.
successful connection to socket.io
User connected: nXlBTaOu159eWL65AACd
User user.ten@ (22) already connected.
User disconnected: user.ten@ (22)
[Socket.IO] Disconnected: transport close
successful connection to socket.io
User connected: gUrCEJtwJDr9krD9AACf
User connected: user.ten@ (22)
User disconnected: user.ten@ (22)
[Socket.IO] Disconnected: transport close
successful connection to socket.io
User connected: lBH9ag5M1cjzYex4AACh
User connected: user.ten@ (22)
User disconnected: user.ten@ (22)
[Socket.IO] Disconnected: transport close
successful connection to socket.io
User connected: h7wDnZx5X4mwfTh0AACj
User connected: user.ten@ (22)
HtmlSection menu3-36l inserted successfully.
HtmlSection Introduction-to-SEO-and-Digital-Marketing inserted successfully.
HtmlSection breadcrumb1 inserted successfully.
HtmlSection Table-of-Contents inserted successfully.
HtmlSection Introduction inserted successfully.
HtmlSection Key-Concepts inserted successfully.
HtmlSection Why-SEO-Matters inserted successfully.
HtmlSection Case-Study-Optimizing-Website-Content inserted successfully.
HtmlSection Example-Local-SEO-Strategies inserted successfully.
HtmlSection Conclusion inserted successfully.
HtmlSection References inserted successfully.
HtmlSection Acknowledgements inserted successfully.
HtmlSection Next-Post-On-Page-SEO-Techniques inserted successfully.
HtmlSection footer4-2tj inserted successfully.
User disconnected: user.ten@ (22)
[Socket.IO] Disconnected: transport close
successful connection to socket.io
User connected: DRyeLCjHWxqsPEzDAACl
User connected: user.ten@ (22)
successful connection to socket.io
User connected: 24_tePK1YKbQSRuoAAAB
User connected: user.ten@ (22)
User disconnected: user.ten@ (22)
[Socket.IO] Disconnected: transport close
successful connection to socket.io
User connected: 9JxgUrA7LSReg3ziAAAD
User connected: user.ten@ (22)
successful connection to socket.io
User connected: nWZk5YsprhkCze8KAAAF
User user.ten@ (22) already connected.
successful connection to socket.io
User connected: Avumj0kytFz2dNW9AAAH
User user.ten@ (22) already connected.
User disconnected: user.ten@ (22)
[Socket.IO] Disconnected: transport close
successful connection to socket.io
User connected: FB5ZSmYQQ2pjOyQKAAAJ
User connected: user.ten@ (22)
User disconnected: user.ten@ (22)
[Socket.IO] Disconnected: transport close
successful connection to socket.io
User connected: uZBtqfvaFUl6jJp2AAAL
User connected: user.ten@ (22)
successful connection to socket.io
User connected: uspj_Q01JsnH2DAeAAAN
User user.ten@ (22) already connected.
User disconnected: user.ten@ (22)
[Socket.IO] Disconnected: ping timeout
successful connection to socket.io
User connected: GGss7z-ShTcZFFtvAAAP
User connected: user.ten@ (22)
User disconnected: user.ten@ (22)
[Socket.IO] Disconnected: transport close
successful connection to socket.io
User connected: oY4EShnzOebQj_hGAAAR
User connected: user.ten@ (22)
HtmlSection menu3-36l inserted successfully.
HtmlSection Introduction-to-SEO-and-Digital-Marketing inserted successfully.
HtmlSection breadcrumb1 inserted successfully.
HtmlSection Table-of-Contents inserted successfully.
HtmlSection Introduction inserted successfully.
HtmlSection Key-Concepts inserted successfully.
HtmlSection Why-SEO-Matters inserted successfully.
HtmlSection Case-Study-Optimizing-Website-Content inserted successfully.
HtmlSection Example-Local-SEO-Strategies inserted successfully.
HtmlSection Conclusion inserted successfully.
HtmlSection References inserted successfully.
HtmlSection Acknowledgements inserted successfully.
HtmlSection Next-Post-On-Page-SEO-Techniques inserted successfully.
HtmlSection footer4-2tj inserted successfully.
User disconnected: user.ten@ (22)
[Socket.IO] Disconnected: transport close
successful connection to socket.io
User connected: h01u8Jfje4c9p6bkAAAT
User connected: user.ten@ (22)
User disconnected: user.ten@ (22)
[Socket.IO] Disconnected: transport close
successful connection to socket.io
User connected: bmlAUz0W1qQ-Eo7qAAAV
User connected: user.ten@ (22)
User disconnected: user.ten@ (22)
[Socket.IO] Disconnected: transport close
successful connection to socket.io
User connected: eaEGwGne0OcQHIqrAAAX
User connected: user.ten@ (22)
User disconnected: user.ten@ (22)
[Socket.IO] Disconnected: transport close
successful connection to socket.io
User connected: WGV4OEqpY_tBXa7MAAAZ
User connected: user.ten@ (22)
successful connection to socket.io
User connected: pHr73yV1iXPa-2B7AAAb
User user.ten@ (22) already connected.
successful connection to socket.io
User connected: 8Un23N4yayPg8gwLAAAd
User user.ten@ (22) already connected.
User disconnected: user.ten@ (22)
[Socket.IO] Disconnected: transport close
successful connection to socket.io
User connected: XmoB_VEN0AvdjlPNAAAg
User connected: user.ten@ (22)
successful connection to socket.io
User connected: qdFfUl-alY_xzP87AAAh
User user.ten@ (22) already connected.
User disconnected: user.ten@ (22)
[Socket.IO] Disconnected: transport close
successful connection to socket.io
User connected: -1tVqop_IeViLiX7AAAj
User connected: user.ten@ (22)
successful connection to socket.io
User connected: Ky2XF0bwjkxWe88ZAAAl
User user.ten@ (22) already connected.
User disconnected: user.ten@ (22)
[Socket.IO] Disconnected: transport close
successful connection to socket.io
User connected: TfB3c-4WTmP-efQSAAAn
User connected: user.ten@ (22)
successful connection to socket.io
User connected: RVNF54KexNH7RtbIAAAp
User user.ten@ (22) already connected.
User disconnected: user.ten@ (22)
[Socket.IO] Disconnected: transport close
successful connection to socket.io
User connected: P23PPPE02G8X1PL1AAAr
User connected: user.ten@ (22)
successful connection to socket.io
User connected: xjtPFcgQIsE64oKMAAAC
User connected: user.ten@ (22)
successful connection to socket.io
User connected: 2ATaf2c5P8mwQ6AKAAAD
User user.ten@ (22) already connected.
User disconnected: user.ten@ (22)
[Socket.IO] Disconnected: transport close
successful connection to socket.io
User connected: u7xm0B3AuH3EQEy6AAAF
User connected: user.ten@ (22)
User disconnected: user.ten@ (22)
[Socket.IO] Disconnected: transport close
successful connection to socket.io
User connected: HVCKlHtTiBUxJJ3pAAAH
User connected: user.ten@ (22)
User disconnected: user.ten@ (22)
[Socket.IO] Disconnected: transport close
successful connection to socket.io
User connected: fpwxpkrvpQHcNwBJAAAJ
User connected: user.ten@ (22)
successful connection to socket.io
User connected: Aro0L_86fh3pZDSaAAAL
User user.ten@ (22) already connected.
User disconnected: user.ten@ (22)
[Socket.IO] Disconnected: transport close
successful connection to socket.io
User connected: 4n5hExwacVgfzwBYAAAN
User connected: user.ten@ (22)
successful connection to socket.io
User connected: rOcklkKiml5l0aF9AAAP
User user.ten@ (22) already connected.
HtmlSection menu3-36l inserted successfully.
HtmlSection Introduction-to-SEO-and-Digital-Marketing inserted successfully.
HtmlSection breadcrumb1 inserted successfully.
HtmlSection Table-of-Contents inserted successfully.
HtmlSection Introduction inserted successfully.
HtmlSection Key-Concepts inserted successfully.
HtmlSection Why-SEO-Matters inserted successfully.
HtmlSection Case-Study-Optimizing-Website-Content inserted successfully.
HtmlSection Example-Local-SEO-Strategies inserted successfully.
HtmlSection Conclusion inserted successfully.
HtmlSection References inserted successfully.
HtmlSection Acknowledgements inserted successfully.
HtmlSection Next-Post-On-Page-SEO-Techniques inserted successfully.
HtmlSection footer4-2tj inserted successfully.
successful connection to socket.io
User connected: l_vtg_Aw4rESkNOMAAAR
User user.ten@ (22) already connected.
User disconnected: user.ten@ (22)
[Socket.IO] Disconnected: transport close
successful connection to socket.io
User connected: 2nAOinCBWEIYEkfxAAAT
User connected: user.ten@ (22)
Executing SQL: SELECT * FROM chat_saves WHERE user_id = ? ORDER BY saved_at DESC [ 22 ]
successful connection to socket.io
User connected: abO_4d65UpyeoZkrAAAV
User user.ten@ (22) already connected.
Executing SQL: SELECT * FROM chat_saves WHERE user_id = ? ORDER BY saved_at DESC [ 22 ]
User disconnected: user.ten@ (22)
[Socket.IO] Disconnected: transport close
successful connection to socket.io
User connected: WC23CJGULWdey3sPAAAX
User connected: user.ten@ (22)
successful connection to socket.io
User connected: -83qJ8cdFTKGgXm3AAAZ
User user.ten@ (22) already connected.
successful connection to socket.io
User connected: zmksJ34cN6kxTnAcAAAB
User connected: user.ten@ (22)
User disconnected: user.ten@ (22)
[Socket.IO] Disconnected: transport close
successful connection to socket.io
User connected: 85R9C2lFxfzkaQwuAAAD
User connected: user.ten@ (22)
successful connection to socket.io
User connected: Rgm6dSYRB40b4NW5AAAF
User user.ten@ (22) already connected.
successful connection to socket.io
User connected: XJ7Msy9jYdoIj_oFAAAH
User user.ten@ (22) already connected.
successful connection to socket.io
User connected: cW1KK7DUvyOyZJEjAAAB
User connected: user.ten@ (22)
successful connection to socket.io
User connected: LkzX5zNv8lbkws7xAAAB
User connected: user.ten@ (22)
User disconnected: user.ten@ (22)
[Socket.IO] Disconnected: transport close
successful connection to socket.io
User connected: XJS5w-oeI0IK_OvkAAAD
User connected: user.ten@ (22)
User disconnected: user.ten@ (22)
[Socket.IO] Disconnected: transport close
successful connection to socket.io
User connected: t8MfpLNj5X3KKXCRAAAF
User connected: user.ten@ (22)
User disconnected: user.ten@ (22)
[Socket.IO] Disconnected: transport close
successful connection to socket.io
User connected: ksK8456tyyK_JBsXAAAH
User connected: user.ten@ (22)
User disconnected: user.ten@ (22)
[Socket.IO] Disconnected: transport close
successful connection to socket.io
User connected: i9SSBJY0AbMyq8HEAAAJ
User connected: user.ten@ (22)
User disconnected: user.ten@ (22)
[Socket.IO] Disconnected: transport close
successful connection to socket.io
User connected: ZUE2u8NF2vGinuOQAAAL
User connected: user.ten@ (22)
User disconnected: user.ten@ (22)
[Socket.IO] Disconnected: ping timeout
successful connection to socket.io
User connected: 8V0XR-psPrbCGOcLAAAN
User connected: user.one@ (21)
User disconnected: user.one@ (21)
[Socket.IO] Disconnected: transport close
successful connection to socket.io
User connected: 8IrKSrv_kt0tzrcYAAAP
User connected: user.one@ (21)
User disconnected: user.one@ (21)
[Socket.IO] Disconnected: transport close
successful connection to socket.io
User connected: k_tAKHHOj7Vx6P6RAAAR
User connected: user.one@ (21)
User disconnected: user.one@ (21)
[Socket.IO] Disconnected: transport close
successful connection to socket.io
User connected: lSMogUPXnQbwToIhAAAT
User connected: user.one@ (21)
User disconnected: user.one@ (21)
[Socket.IO] Disconnected: transport close
successful connection to socket.io
User connected: DylxcACP9NEDkYQaAAAV
User connected: user.one@ (21)
User disconnected: user.one@ (21)
[Socket.IO] Disconnected: transport close
successful connection to socket.io
User connected: 6DphbVJ2vnYVzKg5AAAX
User connected: user.one@ (21)
User disconnected: user.one@ (21)
[Socket.IO] Disconnected: transport close
successful connection to socket.io
User connected: 2yCF5Fw1lzL1eD91AAAZ
User connected: user.one@ (21)
User disconnected: user.one@ (21)
[Socket.IO] Disconnected: transport close
successful connection to socket.io
User connected: eaph0gYlmveUTfMRAAAb
User connected: user.one@ (21)
User disconnected: user.one@ (21)
[Socket.IO] Disconnected: transport close
successful connection to socket.io
User connected: 93FkTE-t07bhjT9pAAAd
User connected: user.one@ (21)
User disconnected: user.one@ (21)
[Socket.IO] Disconnected: transport close
successful connection to socket.io
User connected: Lk9EmMzwyPr0aJ6ZAAAf
User connected: user.one@ (21)
User disconnected: user.one@ (21)
[Socket.IO] Disconnected: transport close
successful connection to socket.io
User connected: QPWA9roHHP2h2GzyAAAh
User connected: user.one@ (21)
User disconnected: user.one@ (21)
[Socket.IO] Disconnected: transport close
successful connection to socket.io
User connected: d2a7heQW88MQ2O_eAAAj
User connected: user.one@ (21)
User disconnected: user.one@ (21)
[Socket.IO] Disconnected: transport close
successful connection to socket.io
User connected: husJUiLlD5WBAzixAAAl
User connected: user.one@ (21)
User disconnected: user.one@ (21)
[Socket.IO] Disconnected: transport close
successful connection to socket.io
User connected: K98w4TO9gNfVKNdGAAAn
User connected: user.one@ (21)
User disconnected: user.one@ (21)
[Socket.IO] Disconnected: transport close
Executing SQL: SELECT * FROM chat_saves WHERE user_id = ? ORDER BY saved_at DESC [ 21 ]
successful connection to socket.io
User connected: gUWf6xyxkxKHS6ZsAAAp
User connected: user.one@ (21)
Executing SQL: SELECT * FROM chat_saves WHERE user_id = ? ORDER BY saved_at DESC [ 21 ]
User disconnected: user.one@ (21)
[Socket.IO] Disconnected: transport close
successful connection to socket.io
User connected: d5UuLQIWsIqnh5lmAAAr
User connected: user.one@ (21)
User disconnected: user.one@ (21)
[Socket.IO] Disconnected: transport close
successful connection to socket.io
User connected: DwufSPhUrgKhypLiAAAt
User connected: user.one@ (21)
User disconnected: user.one@ (21)
[Socket.IO] Disconnected: transport close
successful connection to socket.io
User connected: eHvVrQsoi8ve3fbgAAAv
User connected: user.one@ (21)
HtmlSection menu3-36l inserted successfully.
HtmlSection header-Adaptability inserted successfully.
HtmlSection breadcrumb1 inserted successfully.
HtmlSection Table-of-Contents inserted successfully.
HtmlSection Introduction inserted successfully.
HtmlSection Quick-links-Gallery inserted successfully.
HtmlSection The-Dynamic-Nature-of-Digital-Marketing inserted successfully.
HtmlSection Remaining-Open-to-New-Technologies inserted successfully.
HtmlSection A-B-Testing-and-Iteration inserted successfully.
HtmlSection Keeping-Up-with-Trends inserted successfully.
HtmlSection Being-Agile-and-Flexible inserted successfully.
HtmlSection Learning-from-Failure inserted successfully.
HtmlSection Conclusion inserted successfully.
HtmlSection References inserted successfully.
HtmlSection Acknowledgements inserted successfully.
HtmlSection footer4-2tj inserted successfully.
User disconnected: user.one@ (21)
[Socket.IO] Disconnected: transport close
successful connection to socket.io
User connected: vQuorsjfEyWyXUeNAAAx
User connected: user.one@ (21)
User disconnected: user.one@ (21)
[Socket.IO] Disconnected: transport close
successful connection to socket.io
User connected: fkrbVvHUkZSAM6tMAAAz
User connected: user.one@ (21)
User disconnected: user.one@ (21)
[Socket.IO] Disconnected: transport close
successful connection to socket.io
User connected: S7iQUk5eIDAb-cveAAA1
User connected: user.one@ (21)
User disconnected: user.one@ (21)
[Socket.IO] Disconnected: transport close
successful connection to socket.io
User connected: XPoE5LTeDgfCowmBAAA3
User connected: user.one@ (21)
User disconnected: user.one@ (21)
[Socket.IO] Disconnected: transport close
successful connection to socket.io
User connected: bSfOqo-JMyskytLgAAA5
User connected: user.one@ (21)
User disconnected: user.one@ (21)
[Socket.IO] Disconnected: transport close
successful connection to socket.io
User connected: u3JVUDuCSh3XyABpAAA7
User connected: user.one@ (21)
User disconnected: user.one@ (21)
[Socket.IO] Disconnected: transport close
successful connection to socket.io
User connected: NnA0s7n3-Ihn8MJ3AAA9
User connected: user.one@ (21)
User disconnected: user.one@ (21)
[Socket.IO] Disconnected: transport close
successful connection to socket.io
User connected: T_qLnu1vkypfRvSXAAA_
User connected: user.one@ (21)
successful connection to socket.io
User connected: auzRtFwnFQ2Ff7C-AABB
User user.one@ (21) already connected.
successful connection to socket.io
User connected: dyUYULIp8MMgKKTfAABD
User user.one@ (21) already connected.
successful connection to socket.io
User connected: GFO9xbDvRB5_tzxJAABF
User user.one@ (21) already connected.
successful connection to socket.io
User connected: ZIKFE3iI0Ye7r_x9AABH
User connected: user.ten@ (22)
User disconnected: user.one@ (21)
[Socket.IO] Disconnected: transport close
successful connection to socket.io
User connected: BxhIw1gofvfQf0GIAABJ
User connected: user.one@ (21)
User disconnected: user.ten@ (22)
[Socket.IO] Disconnected: transport close
successful connection to socket.io
User connected: xrpX03BfgiHvx3x_AABL
User connected: user.ten@ (22)
User disconnected: user.ten@ (22)
[Socket.IO] Disconnected: transport close
successful connection to socket.io
User connected: BhCEHLbVrMwg4i9uAABN
User connected: user.ten@ (22)
User disconnected: user.ten@ (22)
[Socket.IO] Disconnected: transport close
successful connection to socket.io
User connected: BWDL_ZQPeAm9IW9BAABP
User connected: user.ten@ (22)
User disconnected: user.ten@ (22)
[Socket.IO] Disconnected: transport close
successful connection to socket.io
User connected: KEOGVgwA_WXx61O3AABR
User connected: user.ten@ (22)
User disconnected: user.ten@ (22)
[Socket.IO] Disconnected: transport close
successful connection to socket.io
User connected: 8KgHw66oRVkcyRFTAABT
User connected: user.ten@ (22)
User disconnected: user.ten@ (22)
[Socket.IO] Disconnected: transport close
successful connection to socket.io
User connected: VD0O6msiIxqVTqMFAABV
User connected: user.ten@ (22)
successful connection to socket.io
User connected: hCJt0NInjfQp1tyZAABX
User user.one@ (21) already connected.
successful connection to socket.io
User connected: 9hUzOVlBULuigBE6AABZ
User user.one@ (21) already connected.
User disconnected: user.one@ (21)
[Socket.IO] Disconnected: transport close
User disconnected: user.ten@ (22)
[Socket.IO] Disconnected: transport close
successful connection to socket.io
User connected: dCXW1AvSH8NpA01BAABb
User connected: user.one@ (21)
successful connection to socket.io
User connected: xG0ganHlucc_ZKJsAABd
User user.one@ (21) already connected.
successful connection to socket.io
User connected: Hq3rimgmNDyVHpbBAABf
User connected: user.ten@ (22)
successful connection to socket.io
User connected: C48jsuRnsTCshGQoAABh
User user.one@ (21) already connected.
User disconnected: user.ten@ (22)
[Socket.IO] Disconnected: transport close
successful connection to socket.io
User connected: 42c61wbMgrKl8Cj6AABj
User connected: user.ten@ (22)
User disconnected: user.ten@ (22)
[Socket.IO] Disconnected: transport close
successful connection to socket.io
User connected: _C1h86bbPB9pYmb5AABl
User connected: user.ten@ (22)
User disconnected: user.one@ (21)
[Socket.IO] Disconnected: transport close
User disconnected: user.ten@ (22)
[Socket.IO] Disconnected: transport close
successful connection to socket.io
User connected: t1YwKUzy1sIMwxEAAABn
User connected: user.one@ (21)
successful connection to socket.io
User connected: zTh4eAvhk3scgDaXAABq
User user.one@ (21) already connected.
successful connection to socket.io
User connected: 925JO5ItHfvXhx7RAABr
User connected: user.ten@ (22)
User disconnected: user.one@ (21)
[Socket.IO] Disconnected: transport close
User disconnected: user.ten@ (22)
[Socket.IO] Disconnected: transport close
successful connection to socket.io
User connected: 3gL4MoPf2387seU8AABu
User connected: user.one@ (21)
successful connection to socket.io
User connected: qFd-4p1jJVyOGBM-AABv
User user.one@ (21) already connected.
successful connection to socket.io
User connected: vlYai7-rhKNYLRa5AABx
User user.one@ (21) already connected.
successful connection to socket.io
User connected: x86UBMoqodXHthBBAABz
User connected: user.ten@ (22)
User disconnected: user.one@ (21)
[Socket.IO] Disconnected: transport close
User disconnected: user.ten@ (22)
[Socket.IO] Disconnected: transport close
successful connection to socket.io
User connected: a_cObb-Q1VYCqye6AAB1
User connected: user.one@ (21)
successful connection to socket.io
User connected: PampjqwfeYatSyOPAAB3
User connected: user.ten@ (22)
User disconnected: user.ten@ (22)
[Socket.IO] Disconnected: transport close
successful connection to socket.io
User connected: yZIFPsHZuiPrsI7vAAB5
User connected: user.ten@ (22)
User disconnected: user.ten@ (22)
[Socket.IO] Disconnected: transport close
successful connection to socket.io
User connected: ovyMxxqPqd6c3FekAAB7
User connected: user.ten@ (22)
User disconnected: user.ten@ (22)
[Socket.IO] Disconnected: transport close
successful connection to socket.io
User connected: 9LspfEHXIZRS9kgUAAB9
User connected: user.ten@ (22)
User disconnected: user.ten@ (22)
[Socket.IO] Disconnected: transport close
successful connection to socket.io
User connected: HiuSxSygTiAOPuALAAB_
User connected: user.ten@ (22)
successful connection to socket.io
User connected: b2zoOM9iY3npSIT_AACB
User user.one@ (21) already connected.
successful connection to socket.io
User connected: su5Ema8fUHfOHXI-AACD
User user.one@ (21) already connected.
successful connection to socket.io
User connected: NkqKvSKIuGAIOsB_AACF
User user.one@ (21) already connected.
successful connection to socket.io
User connected: AS9ah3FIJ1hqiRL4AACH
User user.one@ (21) already connected.
User disconnected: user.one@ (21)
[Socket.IO] Disconnected: transport close
User disconnected: user.ten@ (22)
[Socket.IO] Disconnected: transport close
successful connection to socket.io
User connected: 8GZhgYTRdUL33oaRAACJ
User connected: user.one@ (21)
successful connection to socket.io
User connected: W0H0084bXyVuj7H6AACL
User user.one@ (21) already connected.
successful connection to socket.io
User connected: zxH5xqMJhkkH0qghAACN
User connected: user.ten@ (22)
User disconnected: user.ten@ (22)
[Socket.IO] Disconnected: transport close
successful connection to socket.io
User connected: DNDuxVwo-lXyy3-tAACP
User connected: user.ten@ (22)
User disconnected: user.ten@ (22)
[Socket.IO] Disconnected: transport close
successful connection to socket.io
User connected: 3Uvumsw-hmpLI3JTAACR
User connected: user.ten@ (22)
User disconnected: user.one@ (21)
[Socket.IO] Disconnected: transport close
User disconnected: user.ten@ (22)
[Socket.IO] Disconnected: transport close
successful connection to socket.io
User connected: EzlDKsdIxJvEgTyMAACT
User connected: user.one@ (21)
successful connection to socket.io
User connected: 04gNNFlMhG1SC7WLAACV
User connected: user.ten@ (22)
successful connection to socket.io
User connected: 4aqZtWvFlPj9To85AACX
User user.one@ (21) already connected.
User disconnected: user.ten@ (22)
[Socket.IO] Disconnected: transport close
successful connection to socket.io
User connected: x52IEBvIMOWdMrIvAACZ
User connected: user.ten@ (22)
User disconnected: user.one@ (21)
[Socket.IO] Disconnected: transport close
User disconnected: user.ten@ (22)
[Socket.IO] Disconnected: transport close
successful connection to socket.io
User connected: juE_WER_EUTCSzBSAACb
User connected: user.one@ (21)
successful connection to socket.io
User connected: RSZztOUh_BZWf8kiAACd
User connected: user.ten@ (22)
successful connection to socket.io
User connected: 1bxeDHZXITPXFPDWAACf
User user.one@ (21) already connected.
successful connection to socket.io
User connected: dM6HMqTGHZImMTO6AAAB
User connected: user.one@ (21)
Executing SQL: SELECT * FROM chat_saves WHERE user_id = ? ORDER BY saved_at DESC [ 21 ]
Executing SQL: SELECT * FROM chat_saves WHERE user_id = ? ORDER BY saved_at DESC [ 21 ]
User disconnected: user.one@ (21)
[Socket.IO] Disconnected: transport close
successful connection to socket.io
User connected: YcwyiSPq-bcip2HOAAAD
User connected: user.one@ (21)
successful connection to socket.io
User connected: K2yOr8_zra59b_AFAAAF
User connected: user.ten@ (22)
successful connection to socket.io
User connected: 6Yfml-jW-r8l4FOzAAAH
User user.ten@ (22) already connected.
User disconnected: user.ten@ (22)
[Socket.IO] Disconnected: transport close
successful connection to socket.io
User connected: XuXJlOlwfDK6NayjAAAJ
User connected: user.ten@ (22)
User disconnected: user.ten@ (22)
[Socket.IO] Disconnected: transport close
successful connection to socket.io
User connected: wu0D9ds_OxEA8vfGAAAL
User connected: user.ten@ (22)
User disconnected: user.ten@ (22)
[Socket.IO] Disconnected: transport close
successful connection to socket.io
User connected: ttfAjEWVGXIJcFqTAAAN
User connected: user.ten@ (22)
User disconnected: user.ten@ (22)
[Socket.IO] Disconnected: transport close
successful connection to socket.io
User connected: -tqD2aM_3OouD1jfAAAP
User connected: user.ten@ (22)
User disconnected: user.ten@ (22)
[Socket.IO] Disconnected: transport close
User disconnected: user.one@ (21)
[Socket.IO] Disconnected: transport close
successful connection to socket.io
User connected: uN3T7uxQFaPxFpJbAAAR
User connected: user.one@ (21)
successful connection to socket.io
User connected: rQdaygiSxx6XwhfMAAAT
User connected: user.ten@ (22)
User disconnected: user.ten@ (22)
[Socket.IO] Disconnected: transport close
User disconnected: user.one@ (21)
[Socket.IO] Disconnected: transport error
successful connection to socket.io
User connected: 6rSuQGcVmMq0zCFRAAAV
User connected: user.one@ (21)
successful connection to socket.io
User connected: pHodx4jS_WsS2iU0AAAX
User connected: user.ten@ (22)
User disconnected: user.ten@ (22)
[Socket.IO] Disconnected: transport close
successful connection to socket.io
User connected: Vjz03BJuAT2QakQsAAAZ
User connected: user.ten@ (22)
Executing SQL: SELECT * FROM chat_saves WHERE user_id = ? ORDER BY saved_at DESC [ 21 ]
successful connection to socket.io
User connected: VL8s_FwF3v1N0TMGAAAB
User connected: user.one@ (21)
Executing SQL: SELECT * FROM chat_saves WHERE user_id = ? ORDER BY saved_at DESC [ 21 ]
User disconnected: user.one@ (21)
[Socket.IO] Disconnected: transport close
successful connection to socket.io
User connected: Ggha7FoyWndUdcW9AAAD
User connected: user.one@ (21)
successful connection to socket.io
User connected: zU4O5iUyc8apw7jkAAAF
User user.one@ (21) already connected.
User disconnected: user.one@ (21)
[Socket.IO] Disconnected: transport close
successful connection to socket.io
User connected: K_c2VLiA1JRjoXAIAAAH
User connected: user.one@ (21)
successful connection to socket.io
User connected: d-X1IJK5b0WOzeshAAAJ
User user.one@ (21) already connected.
User disconnected: user.one@ (21)
[Socket.IO] Disconnected: transport close
successful connection to socket.io
User connected: 33PpTIA-6z3uOMQ4AAAL
User connected: user.one@ (21)
successful connection to socket.io
User connected: pJsKXo9tub_a2gmSAAAN
User user.one@ (21) already connected.
successful connection to socket.io
User connected: 9ulvKYUN1D6_ykNMAAAP
User user.one@ (21) already connected.
successful connection to socket.io
User connected: Hknv93PApiND_ZZKAAAR
User user.one@ (21) already connected.
successful connection to socket.io
User connected: SgD_VGQDyWHWwfPPAAAT
User user.one@ (21) already connected.
successful connection to socket.io
User connected: qywCDa1DrQdilVxeAAAV
User user.one@ (21) already connected.
successful connection to socket.io
User connected: U2-CSeZK_g-vfXGMAAAB
User connected: user.one@ (21)
Executing SQL: SELECT * FROM chat_saves WHERE user_id = ? ORDER BY saved_at DESC [ 21 ]
Executing SQL: SELECT * FROM chat_saves WHERE user_id = ? ORDER BY saved_at DESC [ 21 ]
User disconnected: user.one@ (21)
[Socket.IO] Disconnected: transport close
successful connection to socket.io
User connected: U0jV3Ex5gBZF6qCFAAAD
User connected: user.one@ (21)
successful connection to socket.io
User connected: RH6kS6aXDCURhXnIAAAF
User user.one@ (21) already connected.
User disconnected: user.one@ (21)
[Socket.IO] Disconnected: transport close
successful connection to socket.io
User connected: gRJio_kSoyZylQvKAAAH
User connected: user.one@ (21)
successful connection to socket.io
User connected: OC0dPxkFvwTDW2A0AAAJ
User user.one@ (21) already connected.
successful connection to socket.io
User connected: qqzoR6WRrJoYqvCZAAAL
User user.one@ (21) already connected.
successful connection to socket.io
User connected: 9vaVPlWVoCB1qjOjAAAN
User user.one@ (21) already connected.
User disconnected: user.one@ (21)
[Socket.IO] Disconnected: transport close
successful connection to socket.io
User connected: G_aRZpKpg_7_rwRVAAAP
User connected: user.one@ (21)
User disconnected: user.one@ (21)
[Socket.IO] Disconnected: transport close
successful connection to socket.io
User connected: 1LrqzueVc_Qspm2VAAAR
User connected: user.one@ (21)
successful connection to socket.io
User connected: a31-UWQId1zCiSehAAAT
User user.one@ (21) already connected.
User disconnected: user.one@ (21)
[Socket.IO] Disconnected: transport close
successful connection to socket.io
User connected: i4edOh5-ohxjnkgEAAAV
User connected: user.one@ (21)
successful connection to socket.io
User connected: tAge0xxyZ8UToLzxAAAX
User user.one@ (21) already connected.
successful connection to socket.io
User connected: sXkICyJwnbTpVM6nAAAZ
User user.one@ (21) already connected.
User disconnected: user.one@ (21)
[Socket.IO] Disconnected: transport close
successful connection to socket.io
User connected: t2SXXq3xTF6MrQ4ZAAAc
User connected: user.one@ (21)
successful connection to socket.io
User connected: -WB4-VGoeKG0CqsBAAAd
User user.one@ (21) already connected.
successful connection to socket.io
User connected: SYcM9f7V3VaVxawqAAAf
User user.one@ (21) already connected.
successful connection to socket.io
User connected: kIIUGGf9--1MG0fRAAAh
User user.one@ (21) already connected.
User disconnected: user.one@ (21)
[Socket.IO] Disconnected: transport close
successful connection to socket.io
User connected: 5prTP9H2iZfhkLMDAAAj
User connected: user.one@ (21)
successful connection to socket.io
User connected: T1qhQaWaIarR6ydRAAAl
User user.one@ (21) already connected.
successful connection to socket.io
User connected: QTh-oRcv5EiA03dpAAAn
User user.one@ (21) already connected.
successful connection to socket.io
User connected: gvVHXgLNHBbK2zPAAAAp
User user.one@ (21) already connected.
successful connection to socket.io
User connected: NTRCYP1srEYqL0JxAAAr
User user.one@ (21) already connected.
successful connection to socket.io
User connected: 8ZLh5fRk3JTL_ylzAAAt
User user.one@ (21) already connected.
successful connection to socket.io
User connected: FJRylhdHPEIkzWRyAAAv
User user.one@ (21) already connected.
successful connection to socket.io
User connected: Dfqs_z6T7YYy0QDSAAAx
User user.one@ (21) already connected.
successful connection to socket.io
User connected: fJd31ec5gTiiLe-XAAAz
User user.one@ (21) already connected.
successful connection to socket.io
User connected: z4LU8No7XE4kKdnSAAA1
User connected: user.ten@ (22)
successful connection to socket.io
User connected: M8N50uWRU8QiZ6JQAAA3
User user.ten@ (22) already connected.
User disconnected: user.ten@ (22)
[Socket.IO] Disconnected: transport close
successful connection to socket.io
User connected: XJKZJUQPewiJGKmQAAA5
User connected: user.ten@ (22)
User disconnected: user.one@ (21)
[Socket.IO] Disconnected: transport close
successful connection to socket.io
User connected: vPFPwjNKfwC1ZFNyAAA7
User connected: user.one@ (21)
successful connection to socket.io
User connected: G8-hkDwicrJE_fpDAAA9
User user.one@ (21) already connected.
successful connection to socket.io
User connected: XyGEOgogo79O6VZqAAA_
User user.one@ (21) already connected.
successful connection to socket.io
User connected: Wc69c2mGywecJVUJAAAB
User connected: user.one@ (21)
successful connection to socket.io
User connected: dwfZQ3HXVLeykE8aAAAD
User user.one@ (21) already connected.
successful connection to socket.io
User connected: YztKxrpnTGxSBrusAAAF
User connected: user.ten@ (22)
User disconnected: user.one@ (21)
[Socket.IO] Disconnected: transport close
successful connection to socket.io
User connected: BnrNws8XXtiOESHkAAAH
User connected: user.one@ (21)
User disconnected: user.ten@ (22)
[Socket.IO] Disconnected: transport close
User disconnected: user.one@ (21)
[Socket.IO] Disconnected: transport error
successful connection to socket.io
User connected: t1OY4aViDFb9mWHhAAAJ
User connected: user.one@ (21)
successful connection to socket.io
User connected: OfgS5m9Eh_ZfFRlHAAAL
User user.one@ (21) already connected.
User disconnected: user.one@ (21)
[Socket.IO] Disconnected: transport close
successful connection to socket.io
User connected: 3scYcBQJc2yZkcsnAAAN
User connected: user.one@ (21)
successful connection to socket.io
User connected: EJZzcXI0n8DkWZV-AAAP
User user.one@ (21) already connected.
successful connection to socket.io
User connected: NERd7yfO4TlZDqiJAAAR
User connected: user.ten@ (22)
successful connection to socket.io
User connected: nE33Q3I1UicXe5uaAAAT
User user.one@ (21) already connected.
successful connection to socket.io
User connected: nMWjYe4pIS-xSMgnAAAV
User user.one@ (21) already connected.
successful connection to socket.io
User connected: daR9WY9S29rsBr2gAAAX
User user.one@ (21) already connected.
User disconnected: user.ten@ (22)
[Socket.IO] Disconnected: transport close
User disconnected: user.one@ (21)
[Socket.IO] Disconnected: transport error
successful connection to socket.io
User connected: 2ywbUxRKxkJc_oBLAAAZ
User connected: user.one@ (21)
successful connection to socket.io
User connected: J5jv5Z5rZ9Mvgr0lAAAc
User user.one@ (21) already connected.
successful connection to socket.io
User connected: t3xY8ZUURz-fiRZKAAAd
User connected: user.ten@ (22)
successful connection to socket.io
User connected: bLsPgNlQuLIU2IlyAAAf
User user.one@ (21) already connected.
successful connection to socket.io
User connected: iCZXW0Dzgy0fwQEjAAAh
User user.one@ (21) already connected.
successful connection to socket.io
User connected: mX6sM1mBe5aCmQVDAAAj
User user.one@ (21) already connected.
User disconnected: user.ten@ (22)
[Socket.IO] Disconnected: transport close
User disconnected: user.one@ (21)
[Socket.IO] Disconnected: transport error
successful connection to socket.io
User connected: aQl8Z-uszemOHS89AAAl
User connected: user.one@ (21)
successful connection to socket.io
User connected: igEe9Rwsq6W-DjoRAAAn
User user.one@ (21) already connected.
Executing SQL: SELECT * FROM chat_saves WHERE user_id = ? ORDER BY saved_at DESC [ 21 ]
successful connection to socket.io
User connected: m1BHTAF9z9zeiZsAAAAB
User connected: user.one@ (21)
Executing SQL: SELECT * FROM chat_saves WHERE user_id = ? ORDER BY saved_at DESC [ 21 ]
User disconnected: user.one@ (21)
[Socket.IO] Disconnected: transport close
successful connection to socket.io
User connected: U4i8XOGyvI3W7NcaAAAD
User connected: user.one@ (21)
successful connection to socket.io
User connected: wQ4oj6fKHGfg1AlGAAAF
User user.one@ (21) already connected.
successful connection to socket.io
User connected: 1rbx-e5xj72vh5GCAAAH
User user.one@ (21) already connected.
User disconnected: user.one@ (21)
[Socket.IO] Disconnected: transport close
successful connection to socket.io
User connected: UThR8K6NFU_jN69jAAAJ
User connected: user.one@ (21)
successful connection to socket.io
User connected: OMC2-MpbVH01fXa3AAAL
User user.one@ (21) already connected.
User disconnected: user.one@ (21)
[Socket.IO] Disconnected: transport close
successful connection to socket.io
User connected: D1_UFYRPZfYF2FzDAAAN
User connected: user.one@ (21)
successful connection to socket.io
User connected: s7R-vdgv6yr0WwrKAAAP
User user.one@ (21) already connected.
User disconnected: user.one@ (21)
[Socket.IO] Disconnected: transport close
successful connection to socket.io
User connected: h049FTGOi3NYUFw-AAAS
User connected: user.one@ (21)
successful connection to socket.io
User connected: ToSfELRGlqFTxcPJAAAT
User user.one@ (21) already connected.
User disconnected: user.one@ (21)
[Socket.IO] Disconnected: transport close
successful connection to socket.io
User connected: uAmjPoHV7ACJ5IyOAAAV
User connected: user.one@ (21)
successful connection to socket.io
User connected: ytdJSqNkDT474yPfAAAX
User user.one@ (21) already connected.
successful connection to socket.io
User connected: f4YHBQxWegravs0QAAAZ
User user.one@ (21) already connected.
successful connection to socket.io
User connected: Fuff5PA4tSE3UyuBAAAb
User user.one@ (21) already connected.
successful connection to socket.io
User connected: U3uLkJMJMMMT8gzZAAAd
User user.one@ (21) already connected.
successful connection to socket.io
User connected: FxtmG1dKRv-4o-P3AAAf
User user.one@ (21) already connected.
successful connection to socket.io
User connected: W7XWZcSDbbfMqbujAAAh
User user.one@ (21) already connected.
User disconnected: user.one@ (21)
[Socket.IO] Disconnected: transport close
successful connection to socket.io
User connected: jaNs9hUkFkgQRQeHAAAj
User connected: user.one@ (21)
successful connection to socket.io
User connected: 7NlH0SR7_aHssRooAAAl
User user.one@ (21) already connected.
successful connection to socket.io
User connected: 6yu-p6rys3jKvzPnAAAn
User user.one@ (21) already connected.
successful connection to socket.io
User connected: 9Y_h7T8FCVqUiUhEAAAp
User user.one@ (21) already connected.
successful connection to socket.io
User connected: ztfnDNsqaoeYbx76AAAr
User user.one@ (21) already connected.
successful connection to socket.io
User connected: P4mRPKodjov9PnpyAAAt
User user.one@ (21) already connected.
successful connection to socket.io
User connected: FhSi9tZh7UpBgHdDAAAv
User user.one@ (21) already connected.
successful connection to socket.io
User connected: DZkybwbYv2rr02S4AAAx
User connected: user.ten@ (22)
successful connection to socket.io
User connected: HmtO4hxlbv3G35SUAAAz
User user.ten@ (22) already connected.
User disconnected: user.one@ (21)
[Socket.IO] Disconnected: transport close
successful connection to socket.io
User connected: aHnAsO76Y1hcPSyUAAA1
User connected: user.one@ (21)
User disconnected: user.one@ (21)
[Socket.IO] Disconnected: transport close
successful connection to socket.io
User connected: UznFFq1QEAm1d1a8AAA3
User connected: user.one@ (21)
successful connection to socket.io
User connected: auQqfzNPSOSGhuOrAAA5
User user.one@ (21) already connected.
successful connection to socket.io
User connected: yXuqbWe7HjsVpbeeAAA7
User user.one@ (21) already connected.
successful connection to socket.io
User connected: IuOkpgHHiOTBtNybAAA9
User user.one@ (21) already connected.
User disconnected: user.ten@ (22)
[Socket.IO] Disconnected: transport close
User disconnected: user.one@ (21)
[Socket.IO] Disconnected: transport error
successful connection to socket.io
User connected: vMb7UFahZn_7GeNcAAA_
User connected: user.one@ (21)
successful connection to socket.io
User connected: eAd7PFXZxudkG308AABC
User user.one@ (21) already connected.
successful connection to socket.io
User connected: OeRwPT7MWjbZpMJPAABD
User user.one@ (21) already connected.
User disconnected: user.one@ (21)
[Socket.IO] Disconnected: transport close
Executing SQL: SELECT * FROM chat_saves WHERE user_id = ? ORDER BY saved_at DESC [ 21 ]
successful connection to socket.io
User connected: EUDSJlKGUUg3XaHjAAAB
User connected: user.one@ (21)
Executing SQL: SELECT * FROM chat_saves WHERE user_id = ? ORDER BY saved_at DESC [ 21 ]
successful connection to socket.io
User connected: l0Rqo1CzrVZegYA5AAAD
User connected: user.ten@ (22)
User disconnected: user.ten@ (22)
[Socket.IO] Disconnected: ping timeout
successful connection to socket.io
User connected: zKwXuK1GOfo-1E4JAAAF
User connected: user.ten@ (22)
successful connection to socket.io
User connected: 0NrF0vPINimMGXQ-AAAH
User user.ten@ (22) already connected.
successful connection to socket.io
User connected: svNWvzQf4fJL1SOeAAAJ
User user.ten@ (22) already connected.
User disconnected: user.one@ (21)
[Socket.IO] Disconnected: transport close
successful connection to socket.io
User connected: VAdqfnagT7bngKVDAAAL
User connected: user.one@ (21)
successful connection to socket.io
User connected: oDyXzlE8gYA1eZGdAAAN
User user.one@ (21) already connected.
User disconnected: user.one@ (21)
[Socket.IO] Disconnected: transport close
successful connection to socket.io
User connected: bCWIwDJqn4ycGtURAAAP
User connected: user.one@ (21)
User disconnected: user.one@ (21)
[Socket.IO] Disconnected: transport close
successful connection to socket.io
User connected: wpmtLuCXZ-taz25sAAAR
User connected: user.one@ (21)
successful connection to socket.io
User connected: sm5fHlfzzufu-mU-AAAT
User user.one@ (21) already connected.
successful connection to socket.io
User connected: p0wOPk0s7T4960iUAAAV
User user.one@ (21) already connected.
User disconnected: user.one@ (21)
[Socket.IO] Disconnected: transport close
successful connection to socket.io
User connected: 6IYqb0aU2R4io1CJAAAX
User connected: user.one@ (21)
User disconnected: user.one@ (21)
[Socket.IO] Disconnected: transport close
successful connection to socket.io
User connected: wTcZ1r6Jw3hwieUHAAAZ
User connected: user.one@ (21)
User disconnected: user.ten@ (22)
[Socket.IO] Disconnected: ping timeout
